vkontakte.ru	vkontakte.ru/	–í–ö–æ–Ω—Ç–∞–∫—Ç–µ.—Ä—É	81373848	0	private
mail.ru	mail.ru/	–ü–æ—á—Ç–∞ Mail.Ru	17182814	0	private
hsdigital	www.hsdigital.ru/	Hearst Shkulev Digital	5481857	0	public
otvet.mail.ru	otvet.mail.ru/	–û—Ç–≤–µ—Ç—ã Mail.Ru	5149984	0	private
RS_Total/Riaru_Total	ria.ru	–†–ò–ê –ù–æ–≤–æ—Å—Ç–∏: –≥–ª–∞–≤–Ω—ã–µ –Ω–æ–≤–æ—Å—Ç–∏ —á–∞—Å–∞	4539807	0	public
Lenta	lenta.ru	Lenta.Ru	3771123	0	public
news.rambler.ru	news.rambler.ru/	–†–∞–º–±–ª–µ—Ä/–º–µ–¥–∏–∞ - –≥–ª–∞–≤–Ω—ã–µ –Ω–æ–≤–æ—Å—Ç–∏ –∏ c–æ–±—ã—Ç–∏—è –≤ –†–æ—Å—Å–∏–∏ –∏ –º–∏—Ä–µ	3468489	0	private
kp	kp.ru	–ö–æ–º—Å–æ–º–æ–ª—å—Å–∫–∞—è –ø—Ä–∞–≤–¥–∞-Digital	3338059	0	public
hsdigital/wn	hearst-shkulev-media.ru	Women's Network Hearst Shkulev Media	3144910	0	public
go.mail.ru	go.mail.ru/	–ü–æ–∏—Å–∫ Mail.Ru	3106726	0	private
RBCRU	www.rbc.ru	–†–ë–ö - –†–æ—Å–ë–∏–∑–Ω–µ—Å–ö–æ–Ω—Å–∞–ª—Ç–∏–Ω–≥ - –Ω–æ–≤–æ—Å—Ç–∏, –∫—É—Ä—Å—ã –≤–∞–ª—é—Ç, –ø–æ–≥–æ–¥–∞	2921299	0	public
sinoptik.ua	sinoptik.ua/	SINOPTIK.ua - –ø–æ–≥–æ–¥–Ω—ã–π —Å–∞–π—Ç ‚Ññ1 –≤ –£–∫—Ä–∞–∏–Ω–µ	2514511	0	public
vesti.ru	vesti.ru/	–ò–Ω—Ñ–æ—Ä–º–∞—Ü–∏–æ–Ω–Ω—ã–π –∫–∞–Ω–∞–ª &quot;–í–µ—Å—Ç–∏&quot;	2425094	0	private
gazeta_all	www.gazeta.ru/	–ì–∞–∑–µ—Ç–∞.Ru: –ì–ª–∞–≤–Ω—ã–µ –Ω–æ–≤–æ—Å—Ç–∏ –∏ –ø–æ–¥—Ä–æ–±–Ω–æ—Å—Ç–∏ —Ç–µ–∫—É—â–∏—Ö —Å–æ–±—ã—Ç–∏–π	2401613	0	public
drom	www.drom.ru	Drom.ru - –ø—Ä–æ–¥–∞–∂–∞ –∞–≤—Ç–æ–º–æ–±–∏–ª–µ–π, –æ—Ç–∑—ã–≤—ã, —Ñ–æ—Ä—É–º—ã, –∫–∞—Ç–∞–ª–æ–≥–∏	2271373	0	public
mk	www.mk.ru	–ú–û–°–ö–û–í–°–ö–ò–ô –ö–û–ú–°–û–ú–û–õ–ï–¶	2194107	0	public
mic_izvestia	iz.ru	–ò–∑–≤–µ—Å—Ç–∏—è	2180081	0	private
russian.rt.com	russian.rt.com/	RT –Ω–∞ —Ä—É—Å—Å–∫–æ–º	1973658	0	private
mail-my	my.mail.ru/	–ú–æ–π –ú–∏—Ä Mail.Ru	1958626	0	private
HeadHunter	hh.ru/	HeadHunter Group - Online Hiring Services	1817349	0	public
uaprom	prom.ua	Prom.ua ‚Äî –í—Å–µ—É–∫—Ä–∞–∏–Ω—Å–∫–∏–π –¢–æ—Ä–≥–æ–≤—ã–π –¶–µ–Ω—Ç—Ä –≤ –ò–Ω—Ç–µ—Ä–Ω–µ—Ç–µ	1797159	0	public
Lentainform	lentainform.com/	Lentainform.com - –≠—Ñ—Ñ–µ–∫—Ç–∏–≤–Ω–∞—è —Å–∏—Å—Ç–µ–º–∞ —Ä–µ–∫–æ–º–µ–Ω–¥–∞—Ü–∏–∏ –∫–æ–Ω—Ç–µ–Ω—Ç–∞	1704097	0	private
obozrevatel	obozrevatel.ua	OBOZREVATEL	1615492	0	private
Pikabu	pikabu.ru	–°–æ–æ–±—â–µ—Å—Ç–≤–æ –ü–∏–∫–∞–±—É	1578971	0	private
smi2.ru	smi2.ru/	–°–ú–ò2 - –ù–æ–≤–æ—Å—Ç–Ω–æ–π –∞–≥—Ä–µ–≥–∞—Ç–æ—Ä –∏ –Ω–æ–≤–æ—Å—Ç–Ω–∞—è –æ–±–º–µ–Ω–Ω–∞—è —Å–µ—Ç—å	1485095	0	public
hsdigital/rn/smi	news.ngs.ru	–°–µ—Ç—å –≥–æ—Ä–æ–¥—Å–∫–∏—Ö –ø–æ—Ä—Ç–∞–ª–æ–≤ Hearst Shkulev Digital ‚Äî –ù–û–í–û–°–¢–ò	1449156	0	public
rutube.ru	www.rutube.ru/	Rutube - –ª—É—á—à–µ–µ –≤–∏–¥–µ–æ:)	1442870	0	private
fishki	fishki.net/	–§–∏—à–∫–∏ –ù–µ—Ç - –ø–µ—Ä–≤–æ–µ —Ä–∞–∑–≤–ª–µ–∫–∞—Ç–µ–ª—å–Ω–æ–µ —Å–æ–æ–±—â–µ—Å—Ç–≤–æ –†—É–Ω–µ—Ç–∞	1401427	0	private
rg.ru	rg.ru/	–†–æ—Å—Å–∏–π—Å–∫–∞—è –ì–∞–∑–µ—Ç–∞: –∏–∑–¥–∞–Ω–∏–µ –ü—Ä–∞–≤–∏—Ç–µ–ª—å—Å—Ç–≤–∞ –†–§	1386848	0	public
2gis	www.2gis.ru	–ö–∞—Ä—Ç–∞ –æ–Ω–ª–∞–π–Ω —Å–æ —Å–ø—Ä–∞–≤–æ—á–Ω–∏–∫–æ–º –æ—Ä–≥–∞–Ω–∏–∑–∞—Ü–∏–π ‚Äî 2–ì–ò–°	1316333	0	private
gismeteo.ua	www.gismeteo.ua/	GISMETEO.UA: –í—Å—è –ø–æ–≥–æ–¥–∞ –ø–æ –£–ö–†–ê–ò–ù–ï	1265413	0	private
AIF	www.aif.ru	–ê—Ä–≥—É–º–µ–Ω—Ç—ã –∏ –§–∞–∫—Ç—ã //  –û–±—ä—è—Å–Ω—è–µ–º, —á—Ç–æ –ø—Ä–æ–∏—Å—Ö–æ–¥–∏—Ç	1254057	0	public
woman.ru	www.woman.ru/	Woman.ru - –∏–Ω—Ç–µ—Ä–Ω–µ—Ç –¥–ª—è –∂–µ–Ω—â–∏–Ω: –∑–≤–µ–∑–¥—ã, –º–æ–¥–∞, –∫—Ä–∞—Å–æ—Ç–∞, –º—ã –∏ –º—É–∂—á–∏–Ω—ã	1252050	0	public
actualidad.rt.com	actualidad.rt.com/	RT - Noticias internacionales	1223720	0	private
TASS_total	tass.ru	–¢–ê–°–° - –ù–æ–≤–æ—Å—Ç–∏ –≤ –†–æ—Å—Å–∏–∏ –∏ –º–∏—Ä–µ	1199195	0	private
ura.ru	ura.ru/	URA.Ru - –†–æ—Å—Å–∏–π—Å–∫–æ–µ –∏–Ω—Ñ–æ—Ä–º–∞—Ü–∏–æ–Ω–Ω–æ–µ –∞–≥–µ–Ω—Ç—Å—Ç–≤–æ	1173308	0	public
irecommend.ru	irecommend.ru/	IRecommend - –æ—Ç–∑—ã–≤—ã –∏ —Ä–µ–∫–æ–º–µ–Ω–¥–∞—Ü–∏–∏ –æ—Ç —Ä–µ–∞–ª—å–Ω—ã—Ö –ª—é–¥–µ–π	1169847	0	private
championat_com	championat.com	–ß–µ–º–ø–∏–æ–Ω–∞—Ç: –≤–µ–¥—É—â–∏–π —Å–∞–π—Ç –æ —Å–ø–æ—Ä—Ç–µ	1167472	0	public
life.ru	life.ru/	L!FE.ru	1129998	0	private
Slando_Ukraine	slando.com.ua	OLX.ua - —Å–∞–π—Ç –±–µ—Å–ø–ª–∞—Ç–Ω—ã—Ö –æ–±—ä—è–≤–ª–µ–Ω–∏–π ‚Ññ 1 –≤ –£–∫—Ä–∞–∏–Ω–µ.	1016497	0	private
ruprom	tiu.ru	Tiu.ru ‚Äî –¢–æ–≤–∞—Ä—ã –∏ —É—Å–ª—É–≥–∏. –ö—Ä—É–ø–Ω–µ–π—à–∏–π –≤ –†–æ—Å—Å–∏–∏ –ø–æ—Ä—Ç–∞–ª —Ç–æ–≤–∞—Ä–æ–≤ –∏ —É—Å–ª—É–≥	999140	0	public
echo.msk.ru	www.echo.msk.ru/	–≠—Ö–æ –ú–æ—Å–∫–≤—ã	958283	0	public
starhit.ru	starhit.ru/	Starhit.ru - –ø—Ä–æ–µ–∫—Ç –ê–Ω–¥—Ä–µ—è –ú–∞–ª–∞—Ö–æ–≤–∞ –æ –∑–≤–µ–∑–¥–∞—Ö	907175	0	public
segodnya.ua	segodnya.ua/	–°–ï–ì–û–î–ù–Ø.UA	896917	0	private
farpost	farpost.ru	–°–∞–π—Ç—ã –í–ª–∞–¥–∏–≤–æ—Å—Ç–æ–∫–∞	851705	0	public
riafan.ru	riafan.ru/	–§–µ–¥–µ—Ä–∞–ª—å–Ω–æ–µ –∞–≥–µ–Ω—Ç—Å—Ç–≤–æ –Ω–æ–≤–æ—Å—Ç–µ–π	831810	0	private
vokrug.tv	www.vokrug.tv/	–í–æ–∫—Ä—É–≥ –¢–í - —Ç–µ–ª–µ–≥–∏–¥, —Ç–µ–ª–µ–ø—Ä–æ–≥—Ä–∞–º–º–∞ –∏ —ç–Ω—Ü–∏–∫–ª–æ–ø–µ–¥–∏—è —Ç–µ–ª–µ–≤–∏–¥–µ–Ω–∏—è	802077	0	public
nur	nur.kz	Nur.kz - –ö–∞–∑–∞—Ö—Å—Ç–∞–Ω—Å–∫–∏–π –ü–æ—Ä—Ç–∞–ª –ù—É—Ä	791661	0	public
zaycev.net	zaycev.net/	–¢–£–¢ –ó–ê–ô–¶–ï–í.–ù–ï–¢! –¢–æ–ª—å–∫–æ —Å–∞–º—ã–µ —Å–≤–µ–∂–∏–µ –∏ –ø–æ–ø—É–ª—è—Ä–Ω—ã–µ mp3 –ë–ï–°–ü–õ–ê–¢–ù–û –∏ –ë–ï–ó –†–ï–ì–ò–°–¢–†–ê–¶–ò–ò	786893	0	private
BabyBlog	www.babyblog.ru	BabyBlog.ru ‚Äî –æ–±—â–µ–Ω–∏–µ –æ —Å–µ–º—å–µ –∏ –¥–µ—Ç—è—Ö	781593	0	private
NaPlatforme	mirtesen.ru	–†–µ–∫–æ–º–µ–Ω–¥–∞—Ç–µ–ª—å–Ω–∞—è —Å–æ—Ü–∏–∞–ª—å–Ω–∞—è —Å–µ—Ç—å –ú–∏—Ä–¢–µ—Å–µ–Ω	765170	0	public
kommersant.ru	www.kommersant.ru/	&quot;–ö–æ–º–º–µ—Ä—Å–∞–Ω—Ç—ä&quot;. –ò–∑–¥–∞—Ç–µ–ª—å—Å–∫–∏–π –¥–æ–º	752646	0	public
baby_ru	www.baby.ru/	–±—ç–±–∏.—Ä—É - –±—ã—Ç—å —Å—á–∞—Å—Ç–ª–∏–≤–æ–π –º–∞–º–æ–π	749170	0	private
Sportbox	www.sportbox.ru	Sportbox.ru	740507	0	public
vz.ru	vz.ru/	–í–ó–ì–õ–Ø–î.–†–£	724898	0	private
tutu.ru	tutu.ru/	–¢—É—Ç—É.—Ä—É - –∞–≤–∏–∞ –∏ –∂/–¥ –±–∏–ª–µ—Ç—ã, –æ—Ç–µ–ª–∏, –∏–Ω—Ñ–æ—Ä–º–∞—Ü–∏—è –¥–ª—è –ø—É—Ç–µ—à–µ—Å—Ç–≤–µ–Ω–Ω–∏–∫–æ–≤	719212	0	private
sport-express.ru	sport-express.ru/	–°–ü–û–†–¢-–≠–ö–°–ü–†–ï–°–°	717297	0	public
ren.tv	ren.tv/	–ù–æ–≤–æ—Å—Ç–∏ - –Ω–∞—à–µ –ø—Ä–∏–∑–≤–∞–Ω–∏–µ. –†–ï–ù –¢–í	714128	0	public
CIAN	www.cian.ru/	–¶–ò–ê–ù –ì–†–£–ü–ü - –õ–∏–¥–µ—Ä –æ–Ω–ª–∞–π–Ω –Ω–µ–¥–≤–∏–∂–∏–º–æ—Å—Ç–∏ –†–æ—Å—Å–∏–∏	711432	0	private
gazeta.ru/social	www.gazeta.ru/social/	–ì–∞–∑–µ—Ç–∞.Ru: –û–±—â–µ—Å—Ç–≤–æ	711072	0	private
7dn.ru	7dn.ru/	7–î–Ω–µ–π.—Ä—É - –í—Å—ë –æ –∑–≤–µ–∑–¥–∞—Ö! –ù–æ–≤–æ—Å—Ç–∏, –∏–Ω—Ç–µ—Ä–≤—å—é, —Ñ–æ—Ç–æ –∏ –≤–∏–¥–µ–æ –∑–≤–µ–∑–¥	710680	0	public
russianfood.com	russianfood.com/	–†–µ—Ü–µ–ø—Ç—ã –∫—É–ª–∏–Ω–∞—Ä–Ω—ã—Ö –±–ª—é–¥ –æ—Ç RussianFood.com	700908	0	public
livetv.ru	livetv.ru/	LiveTV / –ü–†–Ø–ú–´–ï –í–ò–î–ï–û –¢–†–ê–ù–°–õ–Ø–¶–ò–ò, –§–£–¢–ë–û–õ, –•–û–ö–ö–ï–ô, –¢–ï–ù–ù–ò–°, –ë–ê–°–ö–ï–¢–ë–û–õ...	696399	0	private
1tv.ru	www.1tv.ru/	1TV - –ü–ï–†–í–´–ô –ö–ê–ù–ê–õ - –¢–í –†–û–°–°–ò–ò	695406	0	public
yaplakal.com	www.yaplakal.com/	–Ø–ü–ª–∞–∫–∞–ª—ä - –∫—Ä—É–ø–Ω–µ–π—à–µ–µ –∏–Ω—Ñ–æ—Ä–º–∞—Ü–∏–æ–Ω–Ω–æ-—Ä–∞–∑–≤–ª–µ–∫–∞—Ç–µ–ª—å–Ω–æ–µ —Å–æ–æ–±—â–µ—Å—Ç–≤–æ —Ä—É–Ω–µ—Ç–∞	695146	0	public
action	www.glavbukh.ru/	&lt;–ê–∫—Ç–∏–æ–Ω-–ú–¶–§–≠–†&gt; ‚Äî –∏–∑–¥–∞–Ω–∏—è –¥–ª—è –¥–∏—Ä–µ–∫—Ç–æ—Ä–æ–≤, —Ä—É–∫–æ–≤–æ–¥–∏—Ç–µ–ª–µ–π, –≥–ª–∞–≤–±—É—Ö–æ–≤	694025	0	public
dni.ru	dni.ru/	–î–ù–ò.–†–£ - –∏–Ω—Ç–µ—Ä–Ω–µ—Ç-–≥–∞–∑–µ—Ç–∞	672739	0	public
pda.fishki.net	pda.fishki.net/	–§–∏—à–∫–∏ –ù–µ—Ç - –º–æ–±–∏–ª—å–Ω–∞—è –≤–µ—Ä—Å–∏—è	669454	0	private
tsargradtv	tsargrad.tv/	–¢–µ–ª–µ–∫–∞–Ω–∞–ª &quot;–¶–∞—Ä—å–≥—Ä–∞–¥&quot; - –ü–µ—Ä–≤—ã–π –†—É—Å—Å–∫–∏–π	663796	0	private
matchtv.ru	matchtv.ru/	–ú–∞—Ç—á –¢–í - –û—Ñ–∏—Ü–∏–∞–ª—å–Ω—ã–π —Å–∞–π—Ç —Ç–µ–ª–µ–∫–∞–Ω–∞–ª–∞	648026	0	private
4pda.ru	4pda.ru/	4PDA.ru	646705	0	private
animevost.org	animevost.org/	–ë–∞–∑–∞ ‚Ññ1 –ø–æ –ø—Ä–æ—Å–º–æ—Ç—Ä—É –∞–Ω–∏–º–µ –æ–Ω–ª–∞–π–Ω	641515	0	private
xn--41a-ws	—è.ws	—è.ws	640781	0	private
politeka.net	politeka.net/	politeka.net	616529	0	private
7ya.ru	www.7ya.ru/	–°–µ–º–µ–π–Ω—ã–µ —Å–∞–π—Ç—ã –ê–õ–ü-–ú–µ–¥–∏–∞	614471	0	public
liveinternet.ru	www.liveinternet.ru/	LiveInternet.ru - –ª—É—á—à–∞—è —Å—Ç–∞—Ç–∏—Å—Ç–∏–∫–∞ –≤ –∏–Ω—Ç–µ—Ä–Ω–µ—Ç–µ –±–µ—Å–ø–ª–∞—Ç–Ω–æ	603757	0	public
wday.ru	www.wday.ru/	–ñ–µ–Ω—Å–∫–∏–π –æ–Ω–ª–∞–π–Ω-–∂—É—Ä–Ω–∞–ª WDay.ru	588308	0	public
womanmediafort	www.mediafort.ru/	–ñ–µ–Ω—Å–∫–∏–µ —Å–∞–π—Ç—ã –≥—Ä—É–ø–ø—ã &quot;–ú–µ–¥–∏–∞–§–æ—Ä—Ç&quot;	585163	0	public
rlsnet.ru	www.rlsnet.ru/	–≠–ù–¶–ò–ö–õ–û–ü–ï–î–ò–Ø –õ–ï–ö–ê–†–°–¢–í - www.rlsnet.ru	581861	0	private
e1_ru	e1.ru	E1.RU ‚Äî –ï–∫–∞—Ç–µ—Ä–∏–Ω–±—É—Ä–≥ –û–Ω-–õ–∞–π–Ω	575015	0	public
ntv.ru	www.ntv.ru/	–ù–¢–í.ru - –ù–æ–≤–æ—Å—Ç–∏, –≤–∏–¥–µ–æ, –ø—Ä—è–º–æ–π —ç—Ñ–∏—Ä —Ç–µ–ª–µ–∫–∞–Ω–∞–ª–∞ –ù–¢–í	568291	0	private
sanoma-women	cosmo.ru/	Independent Women's Network: Cosmo, Bazaar, Women‚Äôs Health, –î–æ–º–∞—à–Ω–∏–π –û—á–∞–≥ –∏ –¥—Ä.	567545	0	public
uznayvse.ru	www.uznayvse.ru/	–ü–æ—Ä—Ç–∞–ª –≤—Å–µ—Ö –Ω–æ–≤–æ—Å—Ç–µ–π &quot;–£–∑–Ω–∞–π –≤—Å–Å&quot;	550833	0	private
baza.drom.ru	baza.drom.ru/	–û–±—ä–µ–¥–∏–Ω–µ–Ω–Ω–∞—è –±–∞–∑–∞ –∑–∞–ø—á–∞—Å—Ç–µ–π	546071	0	private
rusprofile.ru	www.rusprofile.ru/	Rusprofile.ru - –±–µ—Å–ø–ª–∞—Ç–Ω–∞—è –ø—Ä–æ–≤–µ—Ä–∫–∞ –∫–æ–Ω—Ç—Ä–∞–≥–µ–Ω—Ç–∞	538816	0	private
Superjob	www.superjob.ru/	–†–∞–±–æ—Ç–∞, –≤–∞–∫–∞–Ω—Å–∏–∏, –ø–æ–¥–±–æ—Ä –ø–µ—Ä—Å–æ–Ω–∞–ª–∞, —Ä–µ–∑—é–º–µ, –ø–æ–∏—Å–∫ —Ä–∞–±–æ—Ç—ã - SuperJob	535821	0	public
m.baby.ru	m.baby.ru/	–±—ç–±–∏.—Ä—É: –º–æ–±–∏–ª—å–Ω–∞—è –≤–µ—Ä—Å–∏—è	533523	0	private
rugion	rugion.ru/	–°–µ—Ç—å —Ä–µ–≥–∏–æ–Ω–∞–ª—å–Ω—ã—Ö —Å–∞–π—Ç–æ–≤ &quot;–†—É–≥–∏–æ–Ω&quot;	528229	0	public
m.babyblog.ru	m.babyblog.ru/	BabyBlog - –º–æ–±–∏–ª—å–Ω–∞—è –≤–µ—Ä—Å–∏—è	518102	0	private
svpressa	svpressa.ru/	–°–≤–æ–±–æ–¥–Ω–∞—è –ü—Ä–µ—Å—Å–∞ / svpressa.ru	517720	0	public
hsdigital/mn	hearst-shkulev-media.ru	Men's Network hearst-shkulev-media.ru	511220	0	public
regnum.ru	www.regnum.ru/	–ò–ê REGNUM	509323	0	public
edimdoma.ru	www.edimdoma.ru/	¬´–ï–¥–∏–º –î–æ–º–∞!¬ª ‚Äî –∫—É–ª–∏–Ω–∞—Ä–Ω–∞—è —Å–æ—Ü–∏–∞–ª—å–Ω–∞—è —Å–µ—Ç—å. –†–µ—Ü–µ–ø—Ç—ã.	500530	0	private
StranaUA	strana.ua/	–°–¢–†–ê–ù–ê.UA	498057	0	public
tnt-online	tnt-online.ru	–¢–ù–¢-Online - –°–º–æ—Ç—Ä–∏ –≤—Å–µ —Å–µ—Ä–∏–∞–ª—ã –¢–ù–¢ –æ–Ω–ª–∞–π–Ω	493615	0	private
1Mediainvest	1mediainvest.ru/	1Mediainvest - —Ñ–µ–¥–µ—Ä–∞–ª—å–Ω—ã–π –º–µ–¥–∏–∞—Ö–æ–ª–¥–∏–Ω–≥	492991	0	public
kino-teatr.ru	www.kino-teatr.ru/	–ö–∏–Ω–æ-–¢–µ–∞—Ç—Ä.–†–£ - –∏–Ω—Ç–µ—Ä–≤—å—é, —Å—Ç–∞—Ç—å–∏, –ø—Ä–µ–º—å–µ—Ä—ã, –Ω–æ–≤–æ—Å—Ç–∏ –∫–∏–Ω–æ –∏ —Ç–µ–∞—Ç—Ä–∞	488264	0	public
tvrain.ru	www.tvrain.ru/	–¢–µ–ª–µ–∫–∞–Ω–∞–ª –î–û–ñ–î–¨	482122	0	public
rutracker.org	rutracker.org/	rutracker.org - –Ω–∞—Ü–∏–æ–Ω–∞–ª—å–Ω—ã–π –±–∏—Ç—Ç–æ—Ä—Ä–µ–Ω—Ç —Ç—Ä–µ–∫–µ—Ä	477206	0	public
ukrpravda	pravda.com.ua	–£–∫—Ä–∞—ó–Ω—Å—å–∫–∞ –ø—Ä–∞–≤–¥–∞	472522	0	public
cosmo.ru	www.cosmo.ru/	COSMOPOLITAN	468111	0	public
znaj.ua	znaj.ua/	–ó–ù–ê–ô	456589	0	private
Rabotagroup	www.rabota.ru	Rabota.ru - —Å–≤–µ–∂–∏–µ –≤–∞–∫–∞–Ω—Å–∏–∏ –∏ —Ä–µ–∑—é–º–µ –†–æ—Å—Å–∏–∏ –∏ –°–ù–ì	449339	0	private
hsdigital/mn/maximonline	maximonline.ru	MAXIM Online	449302	0	public
hsdigital/rn/smi/66	hsdigital/rn/smi/66	–ï1.RU - –ï–∫–∞—Ç–µ—Ä–∏–Ω–±—É—Ä–≥ –æ–Ω–ª–∞–π–Ω. Hearst Shkulev Digital	445999	0	public
korrespondent.net	korrespondent.net/	–ö–æ—Ä—Ä–µ—Å–ø–æ–Ω–¥–µ–Ω—Ç.net	443689	0	private
inosmi.ru	inosmi.ru/	–ò–Ω–æ–°–ú–ò	437438	0	public
Ridus	www.ridus.ru	–†–∏–¥—É—Å	434701	0	public
vedomosti.ru	vedomosti.ru/	–í–µ–¥–æ–º–æ—Å—Ç–∏ - –µ–∂–µ–¥–Ω–µ–≤–Ω–∞—è –¥–µ–ª–æ–≤–∞—è –≥–∞–∑–µ—Ç–∞	433157	0	public
banki.ru	www.banki.ru/	–ë–∞–Ω–∫–∏.—Ä—É - —Ñ–∏–Ω–∞–Ω—Å–æ–≤—ã–π —Å—É–ø–µ—Ä–º–∞—Ä–∫–µ—Ç. –í–∫–ª–∞–¥—ã, –∫—Ä–µ–¥–∏—Ç—ã, —Å—Ç—Ä–∞—Ö–æ–≤–∫–∏, –∏–Ω–≤–µ—Å—Ç–∏—Ü–∏–∏	425737	0	public
ngs_ru	ngs.ru	–ù–µ–∑–∞–≤–∏—Å–∏–º—ã–π –ì–æ—Ä–æ–¥—Å–∫–æ–π –°–∞–π—Ç –ù–æ–≤–æ—Å–∏–±–∏—Ä—Å–∫–∞	415389	0	public
russia.tv	www.russia.tv/	–¢–µ–ª–µ–∫–∞–Ω–∞–ª &quot;–†–û–°–°–ò–Ø&quot;. –í–∏–¥–µ–æ –æ–Ω–ª–∞–π–Ω	414065	0	private
fotostrana	fotostrana.ru	–§–æ—Ç–æ–°—Ç—Ä–∞–Ω–∞ ‚Äì —Ä–∞–∑–≤–ª–µ–∫–∞—Ç–µ–ª—å–Ω–∞—è —Å–æ—Ü–∏–∞–ª—å–Ω–∞—è —Å–µ—Ç—å	414017	0	public
nbs.su	nbs.su/	–ù–æ–≤–ë—Ä—É—Å–°—Ç—Ä–æ–π	411614	0	private
eadaily.com	eadaily.com/	–ò–ê Eurasia Daily	411414	0	public
gazeta.ru/business	www.gazeta.ru/business/	–ì–∞–∑–µ—Ç–∞.Ru: –ë–∏–∑–Ω–µ—Å	410387	0	private
topwar.ru	topwar.ru/	–í–æ–µ–Ω–Ω–æ–µ –æ–±–æ–∑—Ä–µ–Ω–∏–µ	409563	0	private
zakon.kz	www.zakon.kz/	–ù–æ–≤–æ—Å—Ç–∏ –∫–∞–∑–∞—Ö—Å—Ç–∞–Ω–∞, –ø–æ—Å–ª–µ–¥–Ω–∏–µ –Ω–æ–≤–æ—Å—Ç–∏ –º–∏—Ä–∞ - –∑–∞–∫–æ–Ω–æ–¥–∞—Ç–µ–ª—å—Å—Ç–≤–æ –ö–∞–∑–∞—Ö—Å—Ç–∞–Ω–∞	406856	0	private
livemaster.ru	livemaster.ru/	–Ø—Ä–º–∞—Ä–∫–∞ –º–∞—Å—Ç–µ—Ä–æ–≤	403953	0	private
Apostrophe	apostrophe.ua	–ê–ø–æ—Å—Ç—Ä–æ—Ñ	398721	0	private
RegMarkets	regmarkets.ru/	–†–∞–∑–º–µ—Å—Ç–∏—Ç–µ —Ç–æ–≤–∞—Ä—ã XML: CPC –æ—Ç 2 —Ä—É–±. –ö–æ–Ω–≤–µ—Ä—Å–∏—è –æ—Ç 4%, –¢–µ—Å—Ç–∏—Ä–æ–≤–∞–Ω–∏–µ(–º–µ—Å—è—Ü)	396655	0	private
russian7.ru	russian7.ru/	–†—É—Å—Å–∫–∞—è —Å–µ–º–µ—Ä–∫–∞	393494	0	public
5-tv.ru	www.5-tv.ru/	–ü—è—Ç—ã–π –∫–∞–Ω–∞–ª	391368	0	public
povar.ru	povar.ru/	–ü–æ–≤–∞—Ä.—Ä—É - –≤—Å–µ —Ä–µ—Ü–µ–ø—Ç—ã!	391045	0	private
gordonua.com	gordonua.com/	–ì–û–†–î–û–ù - —ç–∫—Å–∫–ª—é–∑–∏–≤–Ω—ã–µ –∫–æ–º–º–µ–Ω—Ç–∞—Ä–∏–∏, —ç–∫—Å–ø–µ—Ä—Ç–Ω–∞—è –∞–Ω–∞–ª–∏—Ç–∏–∫–∞	390736	0	private
rueconomy.ru	rueconomy.ru/	–≠–∫–æ–Ω–æ–º–∏–∫–∞ –°–µ–≥–æ–¥–Ω—è	384462	0	private
Russian_Spring	rusvesna.su	–†—É—Å—Å–∫–∞—è –í–µ—Å–Ω–∞	380670	0	public
censor.net.ua	censor.net.ua/	–¶–µ–Ω–∑–æ—Ä.–ù–µ—Ç* - –£–∫—Ä–∞–∏–Ω—Å–∫–∞—è –ø–æ–ª–∏—Ç–∏–∫–∞ —Å –∫–æ–º–º–µ–Ω—Ç–∞—Ä–∏—è–º–∏ —ç–ª–µ–∫—Ç–æ—Ä–∞—Ç–∞	377531	0	public
progorod	progorod43.ru	–°–µ—Ç—å –ø–æ—Ä—Ç–∞–ª–æ–≤ PRO –ì–æ—Ä–æ–¥	376307	0	public
WPMediaWomenGroup	wp-media.ru/women/	WP Media Women Group	371582	0	private
360tv	360tv.ru	–¢–µ–ª–µ–∫–∞–Ω–∞–ª 360¬∞	370139	0	private
povarenok	www.povarenok.ru/	–ü–æ–≤–∞—Ä–µ–Ω–æ–∫.—Ä—É - –≤—Å—ë –æ –∫—É–ª–∏–Ω–∞—Ä–∏–∏	360479	0	public
nsn.fm	nsn.fm/	–ù–°–ù: –ù–∞—Ü–∏–æ–Ω–∞–ª—å–Ω–∞—è –°–ª—É–∂–±–∞ –ù–æ–≤–æ—Å—Ç–µ–π - –≤—Å–µ –Ω–æ–≤–æ—Å—Ç–∏ –¥–Ω—è	359913	0	private
apostrophe.com.ua	apostrophe.com.ua/	–ê–ø–æ—Å—Ç—Ä–æ—Ñ	356148	0	public
arabic.sputniknews.com	arabic.sputniknews.com/	Sputnik Arabic	355428	0	private
cyrillitsa.ru	www.cyrillitsa.ru/	–ü–æ—Ä—Ç–∞–ª –ö–∏—Ä–∏–ª–ª–∏—Ü–∞	355125	0	public
tengrinews.kz	tengrinews.kz/	Tengrinews.kz: –ø–æ—Å–ª–µ–¥–Ω–∏–µ –Ω–æ–≤–æ—Å—Ç–∏ –ö–∞–∑–∞—Ö—Å—Ç–∞–Ω–∞, –†–æ—Å—Å–∏–∏ –∏ –º–∏—Ä–∞	347461	0	public
tabor.ru	www.tabor.ru/	Tabor.ru - –°–∞–π—Ç –∑–Ω–∞–∫–æ–º—Å—Ç–≤ –Ω–æ–≤–æ–≥–æ –ø–æ–∫–æ–ª–µ–Ω–∏—è!	346466	0	public
fakty.ua	fakty.ua/	–ì–∞–∑–µ—Ç–∞ &quot;–§–∞–∫—Ç—ã –∏ –∫–æ–º–º–µ–Ω—Ç–∞—Ä–∏–∏&quot;	338233	0	private
studopedia.ru	studopedia.ru/	–°—Ç—É–¥–æ–ø–µ–¥–∏—è ‚Äî –í–∞—à–∞ —à–∫–æ–ª–æ–ø–µ–¥–∏—è	333888	0	private
nv.ua	nv.ua/	–ù–æ–≤–æ–µ –í—Ä–µ–º—è	327140	0	public
vazhno.ru	www.vazhno.ru/	–í–ê–ñ–ù–û.RU: –û—á–µ–Ω—å –≤–∞–∂–Ω—ã–µ –Ω–æ–≤–æ—Å—Ç–∏	322709	0	private
nation-news.ru	nation-news.ru/	–ù–∞—Ä–æ–¥–Ω—ã–µ –Ω–æ–≤–æ—Å—Ç–∏ –†–æ—Å—Å–∏–∏	320770	0	private
utro.ru	utro.ru/	–£—Ç—Ä–æ.—Ä—É	314489	0	public
astromeridian.ru	astromeridian.ru/	AstroMeridian.Ru - –∂—É—Ä–Ω–∞–ª –æ –ø—Å–∏—Ö–æ–ª–æ–≥–∏–∏, –∞—Å—Ç—Ä–æ–ª–æ–≥–∏–∏ –∏ –∑–¥–æ—Ä–æ–≤—å–µ	310688	0	private
m.my.mail.ru	m.my.mail.ru/	–ú–æ–±–∏–ª—å–Ω–∞—è –≤–µ—Ä—Å–∏—è –ú–æ–µ–≥–æ –ú–∏—Ä–∞ Mail.Ru	309475	0	private
hsdigital/rn/smi/54	news.ngs.ru/	NGS.RU - –≥–ª–∞–≤–Ω—ã–µ –Ω–æ–≤–æ—Å—Ç–∏ –ù–æ–≤–æ—Å–∏–±–∏—Ä—Å–∫–∞. Hearst Shkulev Digital	308850	0	public
tvzvezda.ru	tvzvezda.ru/	–ó–í–ï–ó–î–ê, –º–µ–¥–∏–∞–≥—Ä—É–ø–ø–∞  | –ö—Ä—É–≥–ª–æ—Å—É—Ç–æ—á–Ω–æ–µ –∏–Ω—Ñ–æ—Ä–º–∞—Ü–∏–æ–Ω–Ω–æ–µ –≤–µ—â–∞–Ω–∏–µ	307837	0	public
teleprogramma.pro	teleprogramma.pro/	Teleprogramma.pro: —Ç–µ–ª–µ–≥–∏–¥ –∏ —à–æ—É-–±–∏–∑–Ω–µ—Å	306933	0	public
PlayGround	www.PlayGround.ru	PlayGround.ru - –†–æ—Å—Å–∏–π—Å–∫–∏–π –ò–≥—Ä–æ–≤–æ–π –°–µ—Ä–≤–µ—Ä	306248	0	public
eurosport.ru	www.eurosport.ru/	Eurosport.ru	304740	0	private
apteka.ru	apteka.ru/	Apteka.RU - —Å–µ—Ä—Ç–∏—Ñ–∏—Ü–∏—Ä–æ–≤–∞–Ω–Ω—ã–µ –ª–µ–∫–∞—Ä—Å—Ç–≤–∞ –ø–æ –Ω–∏–∑–∫–∏–º —Ü–µ–Ω–∞–º	303020	0	private
fr.sputniknews.com	fr.sputniknews.com/	Sputnik –§—Ä–∞–Ω—Ü–∏—è	302529	0	private
wf.mail.ru	wf.mail.ru/	Warface - –æ–Ω–ª–∞–π–Ω-—à—É—Ç–µ—Ä –Ω–æ–≤–æ–≥–æ –ø–æ–∫–æ–ª–µ–Ω–∏—è –æ—Ç CryTek - —Ä–∞–∑—Ä–∞–±–æ—Ç—á–∏–∫–∞ FarCry –∏ Crysis	300569	0	private
telegraf.com.ua	telegraf.com.ua/	–¢–ï–õ–ï–ì–†–ê–§ (telegraf.com.ua) - –Ω–æ–≤–æ—Å—Ç–∏ –£–∫—Ä–∞–∏–Ω—ã –∏ –º–∏—Ä–∞	300297	0	private
360tv.ru	www.360tv.ru/	–¢–µ–ª–µ–∫–∞–Ω–∞–ª 360¬∞ (TV)	299144	0	private
hsdigital/rn/rabota	rabota.ngs.ru	–ó–∞—Ä–ø–ª–∞—Ç–∞.—Ä—É ‚Äî Hearst Shkulev Digital	297615	0	public
eda-recepty.com	eda-recepty.com/	üå∂üçÖ –ö—É–ª–∏–Ω–∞—Ä–Ω—ã–µ —Ä–µ—Ü–µ–ø—Ç—ã üç∞ 1000.menu üçî	294357	0	public
sobesednik.ru	www.sobesednik.ru/	–ò–î –°–æ–±–µ—Å–µ–¥–Ω–∏–∫	290857	0	public
politpuzzle.ru	politpuzzle.ru/	–ò–Ω—Ñ–æ—Ä–º–∞—Ü–∏–æ–Ω–Ω–æ-–∞–Ω–∞–ª–∏—Ç–∏—á–µ—Å–∫–∏–π –ø–æ—Ä—Ç–∞–ª Politpuzzle.ru	287241	0	private
mylove	mylove.ru	MYLOVE.RU - —Å–∏—Å—Ç–µ–º–∞ —Å–∞–π—Ç–æ–≤ –∑–Ω–∞–∫–æ–º—Å—Ç–≤	280690	0	public
rsport.ru	rsport.ru/	–†-–°–ø–æ—Ä—Ç. –í—Å–µ –≥–ª–∞–≤–Ω—ã–µ –Ω–æ–≤–æ—Å—Ç–∏ —Å–ø–æ—Ä—Ç–∞	280479	0	public
ilibrary.ru	ilibrary.ru/	–ò–ù–¢–ï–†–ù–ï–¢-–ë–ò–ë–õ–ò–û–¢–ï–ö–ê  iLibrary.ru	280269	0	public
aif.ru/health	www.aif.ru/health/	–ê–ò–§ –ó–¥–æ—Ä–æ–≤—å–µ	278853	0	public
tr.sputniknews.com	tr.sputniknews.com/	Sputnik –¢—É—Ä—Ü–∏—è	275418	0	private
allwomens.ru	www.allwomens.ru/	–ñ–µ–Ω—Å–∫–∏–π –∏–Ω—Ñ–æ—Ä–º–∞—Ü–∏–æ–Ω–Ω–æ-–ø–æ–∑–Ω–∞–≤–∞—Ç–µ–ª—å–Ω—ã–π –ø–æ—Ä—Ç–∞–ª	275097	0	private
fssprus	www.fssprus.ru	–§–µ–¥–µ—Ä–∞–ª—å–Ω–∞—è —Å–ª—É–∂–±–∞ —Å—É–¥–µ–±–Ω—ã—Ö –ø—Ä–∏—Å—Ç–∞–≤–æ–≤	273166	0	public
fontanka.ru	fontanka.ru/	–§–æ–Ω—Ç–∞–Ω–∫–∞.–†—É - –Ω–æ–≤–æ—Å—Ç–∏ –ü–µ—Ç–µ—Ä–±—É—Ä–≥–∞	272157	0	public
from-ua.com	www.from-ua.com/	–ù–æ–≤–æ—Å—Ç–∏ –£–∫—Ä–∞–∏–Ω—ã - From-UA	271316	0	private
postila	postila.ru	Postila.ru üéà –õ—É—á—à–∏–µ –∏–¥–µ–∏. –ò–∑ –†–æ—Å—Å–∏–∏ —Å –ª—é–±–æ–≤—å—é	266351	0	public
novayagazeta.ru	novayagazeta.ru/	–ù–û–í–ê–Ø –ì–ê–ó–ï–¢–ê	266299	0	public
kino-filmi.net	kino-filmi.net/	–ö–∏–Ω–æ - –§–∏–ª—å–º—ã 2013 - 2014 —Å–º–æ—Ç—Ä–µ—Ç—å –æ–Ω–ª–∞–π–Ω –±–µ—Å–ø–ª–∞—Ç–Ω–æ.	264036	0	private
ontvtime.ru	www.ontvtime.ru/	OnTVtime.ru | –û–Ω–ª–∞–π–Ω –¢–í | –ü—Ä—è–º–æ–π —ç—Ñ–∏—Ä + –ê—Ä—Ö–∏–≤—ã | –û–Ω–ª–∞–π–Ω —Ç–µ–ª–µ–≤–∏–¥–µ–Ω–∏–µ	263935	0	private
RedTram	ru.redtram.com	RedTram –¢–û–ü 100 –°–∞–º—ã—Ö —á–∏—Ç–∞–µ–º—ã—Ö –Ω–æ–≤–æ—Å—Ç–µ–π –¥–Ω—è!	262424	0	public
russian.rt.com/sport	russian.rt.com/sport/	–°–ø–æ—Ä—Ç - RT –Ω–∞ —Ä—É—Å—Å–∫–æ–º	262086	0	private
Allbest_ru	www.allbest.ru/	–û–±—Ä–∞–∑–æ–≤–∞—Ç–µ–ª—å–Ω—ã–π –ø–æ—Ä—Ç–∞–ª  Allbest.ru	258097	0	private
hsdigital/rn/forum	–ù–ì–°.–§–û–†–£–ú	Hearst Shkulev Digital ‚Äî –§–û–†–£–ú–´	257490	0	public
eg.ru	www.eg.ru/	EG.RU - –Ω–æ–≤–æ—Å—Ç–∏, –∞–Ω–∞–ª–∏—Ç–∏–∫–∞, –∏—Å—Ç–æ—Ä–∏–∏	257067	0	public
mediametrics.ru	mediametrics.ru/	–ú–µ–¥–∏–∞–º–µ—Ç—Ä–∏–∫—Å - —Å–≤–µ–∂–∏–µ –∫–æ—Ç–∏—Ä–æ–≤–∫–∏ –Ω–æ–≤–æ—Å—Ç–µ–π	256052	0	public
assia.tv	assia.tv/	assia.tv	255245	0	private
PusCen	pulscen.ru/	–¢–æ—Ä–≥–æ–≤–∞—è –ø–ª–æ—â–∞–¥–∫–∞ –ü—É–ª—å—Å —Ü–µ–Ω	254742	0	public
avtovzglyad.ru	www.avtovzglyad.ru/	–ê–≤—Ç–æ–í–∑–≥–ª—è–¥ - –∞–≤—Ç–æ –Ω–æ–≤–æ—Å—Ç–∏	254027	0	private
novate.ru	www.novate.ru/	–õ—É—á—à–∏–µ –∏–Ω–Ω–æ–≤–∞—Ü–∏–∏ —Å–æ –≤—Å–µ–≥–æ –º–∏—Ä–∞, —Å—Ç—Ä–æ–≥–∏–π –æ—Ç–±–æ—Ä!	253172	0	private
chatovod	chatovod.ru	–ß–ê–¢–û–í–û–î.RU - –ß–∞—Ç –¥–ª—è –≤–∞—à–µ–≥–æ —Å–∞–π—Ç–∞	252537	0	public
razlozhi.ru	razlozhi.ru/	–ö–∞—Ä—Ç–æ—á–Ω—ã–µ –∏–≥—Ä—ã –æ–Ω–ª–∞–π–Ω, –ø–∞—Å—å—è–Ω—Å—ã, –∏–≥—Ä—ã —Å –¥—Ä—É–≥–∏–º–∏ –∏–≥—Ä–æ–∫–∞–º–∏.	250962	0	private
maam.ru	www.maam.ru/	–ú–µ–∂–¥—É–Ω–∞—Ä–æ–¥–Ω—ã–π –æ–±—Ä–∞–∑–æ–≤–∞—Ç–µ–ª—å–Ω—ã–π –ø–æ—Ä—Ç–∞–ª –ú–ê–ê–ú	249268	0	private
readmanga.me	readmanga.me/	readmanga.me	248640	0	private
politexpert.net	politexpert.net/	–ü–æ–ª–∏—Ç–≠–∫—Å–ø–µ—Ä—Ç - –û–±—â–µ—Å—Ç–≤–µ–Ω–Ω—ã–π –ø–æ–ª–∏—Ç–∏—á–µ—Å–∫–∏–π –∂—É—Ä–Ω–∞–ª	248303	0	private
tsn.ua	tsn.ua/	–ù–æ–≤–æ—Å—Ç–∏ –≤—Å–µ—Ö —Ñ–æ—Ä–º–∞—Ç–æ–≤ - TCH.ua	247053	0	private
travelask.ru	travelask.ru/	TravelAsk - –∂—É—Ä–Ω–∞–ª –æ –ø—É—Ç–µ—à–µ—Å—Ç–≤–∏—è—Ö, –ø—É—Ç–µ–≤–æ–¥–∏—Ç–µ–ª—å, –≤–æ–ø—Ä–æ—Å—ã –∏ –æ—Ç–≤–µ—Ç—ã	246856	0	private
cyberleninka.ru	cyberleninka.ru/	–ù–∞—É—á–Ω–∞—è —ç–ª–µ–∫—Ç—Ä–æ–Ω–Ω–∞—è –±–∏–±–ª–∏–æ—Ç–µ–∫–∞ –ö–∏–±–µ—Ä–õ–µ–Ω–∏–Ω–∫–∞ - –æ—Ç–∫—Ä—ã—Ç–∞—è –Ω–∞—É–∫–∞	242939	0	public
gazeta.ru/sport	gazeta.ru/sport/	–ì–∞–∑–µ—Ç–∞.Ru: –°–ø–æ—Ä—Ç	241786	0	private
Trashbox	trashbox.ru	Trashbox.ru ‚Äî –º–æ–±–∏–ª—å–Ω—ã–π –ø–æ—Ä—Ç–∞–ª –Ω–æ–≤–æ–≥–æ –ø–æ–∫–æ–ª–µ–Ω–∏—è	241732	0	public
belnovosti.by	belnovosti.by/	–ë–µ–ª–ù–æ–≤–æ—Å—Ç–∏ | –ù–æ–≤–æ—Å—Ç–∏ –ë–µ–ª–∞—Ä—É—Å–∏	239295	0	private
rosbalt.ru	www.rosbalt.ru/	–†–æ—Å–±–∞–ª—Ç - –∏–Ω—Ñ–æ—Ä–º–∞—Ü–∏–æ–Ω–Ω–æ–µ –∞–≥–µ–Ω—Ç—Å—Ç–≤–æ	239238	0	public
kinoly.ru	kinoly.ru/	Kinoly.ru - –∫–∏–Ω–æ –≤ —Ö–æ—Ä–æ—à–µ–º –∫–∞—á–µ—Å—Ç–≤–µ	239029	0	private
li.ru	www.li.ru/	–ú–æ–±–∏–ª—å–Ω–∞—è –≤–µ—Ä—Å–∏—è –ø–æ—Ä—Ç–∞–ª–∞ LiveInternet.ru	238951	0	public
gismeteo.by	www.gismeteo.by/	GISMETEO.BY: –ü–æ–≥–æ–¥–Ω—ã–π —Å–∞–π—Ç ‚Ññ1 –≤ –ë–µ–ª–∞—Ä—É—Å–∏	238428	0	private
livelib.ru	www.livelib.ru/	LiveLib ‚Äî —Å–æ—Ü–∏–∞–ª—å–Ω–∞—è —Å–µ—Ç—å —á–∏—Ç–∞—Ç–µ–ª–µ–π –∫–Ω–∏–≥	236987	0	public
rusfootball.info	www.rusfootball.info/	–§–£–¢–ë–û–õ –†–û–°–°–ò–ò	236539	0	private
psychologies.ru	psychologies.ru/	–û—Ñ–∏—Ü–∏–∞–ª—å–Ω—ã–π —Å–∞–π—Ç –∂—É—Ä–Ω–∞–ª–∞ Psychologies	236023	0	public
krasotaimedicina.ru	www.krasotaimedicina.ru/	–ö—Ä–∞—Å–æ—Ç–∞ –∏ –ú–µ–¥–∏—Ü–∏–Ω–∞	235193	0	private
u-f.ru	www.u-f.ru/	–Æ–∂–Ω—ã–π –§–µ–¥–µ—Ä–∞–ª—å–Ω—ã–π - –≥–∞–∑–µ—Ç–∞ —é–∂–Ω–æ–≥–æ —Ñ–µ–¥–µ—Ä–∞–ª—å–Ω–æ–≥–æ –æ–∫—Ä—É–≥–∞	233504	0	public
domofond.ru	www.domofond.ru/	Domofond.ru - –ù–∞–π–¥–∏—Ç–µ —Å–≤–æ–µ –∏–¥–µ–∞–ª—å–Ω–æ–µ –∂–∏–ª—å–µ	232203	0	private
ctc.ru	ctc.ru/	–¢–µ–ª–µ–∫–∞–Ω–∞–ª –°–¢–°	231744	0	private
CARRU	car.ru	CAR.RU - –ù–æ–≤–æ—Å—Ç–∏, –≤–∏–¥–µ–æ, –æ–±—ä—è–≤–ª–µ–Ω–∏—è, –¥–∏–ª–µ—Ä—ã, –∫–∞—Ç–∞–ª–æ–≥.	229988	0	private
gpu-ua.info	www.gpu-ua.info/	–ì–∞–∑–µ—Ç–∞.ua	227436	0	private
medialeaks.ru	medialeaks.ru/	MediaLeaks: –Ω–æ–≤–æ—Å—Ç–∏, —Å–æ—Ü—Å–µ—Ç–∏ –∏ —Ä–æ–∫-–Ω-—Ä–æ–ª–ª	226971	0	private
medio	medio.pro	Medio: –ø–æ–ª–µ–∑–Ω—ã–µ —Å–∞–π—Ç—ã –¥–ª—è –≤—Å–µ–π —Å–µ–º—å–∏	226865	0	private
pravmir	www.pravmir.ru	–ü–†–ê–í–û–°–õ–ê–í–ò–ï –ò –ú–ò–†	225341	0	private
TrudcomAll	trud.com	Trud.com - –ü–æ–∏—Å–∫ –†–∞–±–æ—Ç—ã –ø–æ –í—Å–µ–π –†–æ—Å—Å–∏–∏	224183	0	public
pravmir.ru	pravmir.ru/	–ü–†–ê–í–û–°–õ–ê–í–ò–ï –ò –ú–ò–†	222265	0	private
PLUSOX	pluso.ru	Pluso X	221109	0	private
Vesti	vesti-ukr.com/	–í–ï–°–¢–ò	218151	0	public
elle.ru	www.elle.ru/	Elle.ru ‚Äì —Å–∞–π—Ç ‚Ññ1 –æ –º–æ–¥–µ, –∫—Ä–∞—Å–æ—Ç–µ –∏ —Å—Ç–∏–ª–µ –∂–∏–∑–Ω–∏	214919	0	public
bigl.ua	bigl.ua/	Bigl.ua	214817	0	private
NewsONE	newsone.ua	NewsONE	214608	0	private
cyberforum.ru	www.cyberforum.ru/	CyberForum.ru - –§–æ—Ä—É–º –ø—Ä–æ–≥—Ä–∞–º–º–∏—Å—Ç–æ–≤ –∏ —Å–∏—Å–∞–¥–º–∏–Ω–æ–≤	212270	0	private
forexpf.ru	www.forexpf.ru/	ProFinance.Ru: | –†–´–ù–û–ö FOREX | –ù–û–í–û–°–¢–ò | –ü–†–û–ì–ù–û–ó–´ | –§–û–†–£–ú–´ |	212037	0	public
koolinar.ru	koolinar.ru/	Koolinar - –∫–ª—É–± –∫—É–ª–∏–Ω–∞—Ä–æ–≤. –í—Å–µ –∫—É–ª–∏–Ω–∞—Ä–Ω—ã–µ —Ä–µ—Ü–µ–ø—Ç—ã –±–ª—é–¥: —Å—É–ø–æ–≤, –∑–∞–∫—É—Å–æ–∫, –¥–µ—Å–µ—Ä—Ç–æ–≤	209542	0	public
tk_m24	www.m24.ru/	–°–µ—Ç–µ–≤–æ–µ –∏–∑–¥–∞–Ω–∏–µ M24.ru	208902	0	public
sinoptik.com.ru	sinoptik.com.ru/	SINOPTIK.com.ru	207783	0	public
liganet	liga.net/	–õ–Ü–ì–ê–ë—ñ–∑–Ω–µ—Å–Ü–Ω—Ñ–æ—Ä–º	207716	0	private
directadvert.ru	directadvert.ru/	Direct/ADVERT - –†–µ–∫–ª–∞–º–∞ –≤ –Ω–æ–≤–æ—Å—Ç—è—Ö	207601	0	public
101.ru	www.101.ru/	101.ru - –ü—Ä–æ—Ñ–µ—Å—Å–∏–æ–Ω–∞–ª—å–Ω–æ–µ –∏–Ω—Ç–µ—Ä–Ω–µ—Ç-—Ä–∞–¥–∏–æ. 101 —Ä–∞–¥–∏–æ-–∫–∞–Ω–∞–ª –Ω–∞ –ª—é–±–æ–π –≤–∫—É—Å.	205787	0	private
lostfilm.tv	www.lostfilm.tv/	LostFilm.TV - –ª—É—á—à–∏–µ –º–∏—Ä–æ–≤—ã–µ –°–ï–†–ò–ê–õ–´ –ø–æ-—Ä—É—Å—Å–∫–∏.	205345	0	private
kp/kpall/reg/kpcrimea	crimea.kp.ru	&quot;–ö–æ–º—Å–æ–º–æ–ª—å—Å–∫–∞—è –ø—Ä–∞–≤–¥–∞&quot; –ö—Ä—ã–º	203807	0	public
varlamov.ru	varlamov.ru/	–ë–ª–æ–≥ –ò–ª—å–∏ –í–∞—Ä–ª–∞–º–æ–≤–∞, –∞–≤—Ç–æ—Ä—Å–∫–æ–µ –°–ú–ò	203521	0	private
azbyka.ru	azbyka.ru/	&quot;–ê–ó–ë–£–ö–ê –í–ï–†–´&quot; - –ø—Ä–∞–≤–æ—Å–ª–∞–≤–Ω—ã–π  –ø–æ—Ä—Ç–∞–ª	202959	0	private
tonkosti.ru	tonkosti.ru/	–¢–æ–Ω–∫–æ—Å—Ç–∏ —Ç—É—Ä–∏–∑–º–∞	201866	0	public
film.ru	www.film.ru/	–§–ò–õ–¨–ú.–†–£: –Ω–∞—Ü–∏–æ–Ω–∞–ª—å–Ω—ã–π –∫–∏–Ω–æ–ø–æ—Ä—Ç–∞–ª	201715	0	private
tophotels.ru	www.tophotels.ru/	Tophotels - —Ä–µ–π—Ç–∏–Ω–≥ –æ—Ç–µ–ª–µ–π –º–∏—Ä–∞	201442	0	private
br.sputniknews.com	br.sputniknews.com/	Sputnik Brasil	200367	0	private
stihi.ru	www.stihi.ru/	–°—Ç–∏—Ö–∏.—Ä—É - –Ω–∞—Ü–∏–æ–Ω–∞–ª—å–Ω—ã–π —Å–µ—Ä–≤–µ—Ä —Å–æ–≤—Ä–µ–º–µ–Ω–Ω–æ–π –ø–æ—ç–∑–∏–∏	199011	0	private
RGRU	www.rg.ru	–†–æ—Å—Å–∏–π—Å–∫–∞—è –ì–∞–∑–µ—Ç–∞ (–≠–∫–æ–Ω–æ–º–∏–∫–∞)	198965	0	private
mens-network	www.mhealth.ru	Independent Men's Network: Esquire.ru, Popmech.ru, MHealth.ru, Nat-Geo.ru –∏ –¥—Ä	198911	0	public
politros.com	politros.com/	–ü–æ–ª–∏—Ç–∏—á–µ—Å–∫–∞—è –†–æ—Å—Å–∏—è	198909	0	public
znak.com	www.znak.com/	–ò–Ω—Ç–µ—Ä–Ω–µ—Ç-–≥–∞–∑–µ—Ç–∞ ZNAK.COM	198783	0	public
livekuban.ru	livekuban.ru/	–ñ–∏–≤–∞—è –ö—É–±–∞–Ω—å - –∏–Ω—Ç–µ—Ä–Ω–µ—Ç-–¥–Ω–µ–≤–Ω–∏–∫ –ö—Ä–∞—Å–Ω–æ–¥–∞—Ä—Å–∫–æ–≥–æ –∫—Ä–∞—è	198392	0	private
ukraina.ru	ukraina.ru/	ukraina.ru	197226	0	public
kulturologia.ru	www.kulturologia.ru/	–ö—É–ª—å—Ç—É—Ä–æ–ª–æ–≥–∏—è.–†–§	196108	0	private
wikivox.ru	wikivox.ru/	–ö–∞—Ä—Ç–∞ —Å–ª–æ–≤ –∏ –≤—ã—Ä–∞–∂–µ–Ω–∏–π —Ä—É—Å—Å–∫–æ–≥–æ —è–∑—ã–∫–∞	195786	0	private
1001goroskop.ru	1001goroskop.ru/	*1001 –ì–û–†–û–°–ö–û–ü* –æ—Ç –≤–µ–¥—É—â–∏—Ö –∞—Å—Ç—Ä–æ–ª–æ–≥–æ–≤	194440	0	public
hdron.tv	hdron.tv/	hdron.tv - —Ñ–∏–ª—å–º—ã –∏ —Å–µ—Ä–∏–∞–ª—ã –≤ —Ö–æ—Ä–æ—à–µ–º –∫–∞—á–µ—Å—Ç–≤–µ HD720	194284	0	private
gastronom.ru	www.gastronom.ru/	–ö—É–ª–∏–Ω–∞—Ä–Ω—ã–π –ø–æ—Ä—Ç–∞–ª &quot;–ì–ê–°–¢–†–û–ù–û–ú&quot;	192842	0	private
womanhit.ru	www.womanhit.ru/	WomanHIT.ru - –≤—Å–µ –Ω–æ–≤–æ—Å—Ç–∏ —à–æ—É-–±–∏–∑–Ω–µ—Å–∞	192132	0	private
iphones.ru	www.iphones.ru/	iPhone	191927	0	public
vgorode.ua	vgorode.ua/	–°–µ—Ç—å –≥–æ—Ä–æ–¥—Å–∫–∏—Ö –ø–æ—Ä—Ç–∞–ª–æ–≤ &quot;–í –≥–æ—Ä–æ–¥–µ&quot;	191550	0	public
stranamam	www.stranamam.ru/	–°—Ç—Ä–∞–Ω–∞ –º–∞–º	190344	0	public
nnru	nn.ru	–ù–∏–∂–Ω–∏–π –ù–æ–≤–≥–æ—Ä–æ–¥ On-Line - NN.RU. –†–µ–∫–ª–∞–º–∞ —É –Ω–∞—Å —Ä–∞–±–æ—Ç–∞–µ—Ç!	189704	0	public
220-volt.ru	www.220-volt.ru/	220 –í–æ–ª—å—Ç - –∏–Ω—Ç–µ—Ä–Ω–µ—Ç-–º–∞–≥–∞–∑–∏–Ω —ç–ª–µ–∫—Ç—Ä–æ –∏ –±–µ–Ω–∑–æ–∏–Ω—Å—Ç—Ä—É–º–µ–Ω—Ç–∞	188810	0	private
minigames.mail.ru	minigames.mail.ru/	–ú–∏–Ω–∏-–∏–≥—Ä—ã Mail.Ru - –∫–∞—Ä—Ç–æ—á–Ω—ã–µ –∏ –Ω–∞—Å—Ç–æ–ª—å–Ω—ã–µ –∏–≥—Ä—ã –æ–Ω–ª–∞–π–Ω —Å –¥—Ä—É–∑—å—è–º–∏!	188724	0	private
career.ru	www.career.ru/	–†–∞–±–æ—Ç–∞ –¥–ª—è c—Ç—É–¥–µ–Ω—Ç–æ–≤ –Ω–∞ Career.ru (HeadHunter Group)	187158	0	private
ru-music.com	ru-music.com/	–ù–æ–≤–∏–Ω–∫–∏ –º—É–∑—ã–∫–∏	185807	0	private
all-biz	www.all.biz	ALL.BIZ : –º–µ–∂–¥—É–Ω–∞—Ä–æ–¥–Ω—ã–π –∫–∞—Ç–∞–ª–æ–≥ –∫–æ–º–ø–∞–Ω–∏–π, —Ç–æ–≤–∞—Ä–æ–≤ –∏ —É—Å–ª—É–≥	184677	0	public
112.ua	112.ua/	112.ua	183352	0	private
gazeta.ru/politics	www.gazeta.ru/politics/	–ì–∞–∑–µ—Ç–∞.Ru: –ü–æ–ª–∏—Ç–∏–∫–∞	181325	0	private
v-s.mobi	v-s.mobi/	V-S.Mobi - –ü–æ–∏—Å–∫–æ–≤–∏–∫ –≤–∏–¥–µ–æ	180674	0	private
SpraBliz	blizko.ru	–°–µ—Ç—å –≥–æ—Ä–æ–¥—Å–∫–∏—Ö –ø–æ—Ä—Ç–∞–ª–æ–≤ –ø–æ–∫—É–ø–∞—Ç–µ–ª—è BLIZKO.ru	180415	0	public
u-mama.ru	u-mama.ru/	U-mama.ru - —Å–∞–π—Ç –¥–ª—è –Ω–∞—Å—Ç–æ—è—â–∏—Ö –∏ –±—É–¥—É—â–∏—Ö —Ä–æ–¥–∏—Ç–µ–ª–µ–π	180251	0	public
seks-besplatno.org	seks-besplatno.org/	–°–µ–∫—Å –ë–µ—Å–ø–ª–∞—Ç–Ω–æ	177635	0	private
terrikon.dn.ua	terrikon.dn.ua/	–¢–µ—Ä—Ä–∏–∫–æ–Ω - –§—É—Ç–±–æ–ª, –®–∞—Ö—Ç–µ—Ä –î–æ–Ω–µ—Ü–∫, –£–∫—Ä–∞–∏–Ω–∞	176405	0	private
RS_Total/Sputniki_Total/Sputnik/Sputnik_ge	sputnik-georgia.ru	–°–ø—É—Ç–Ω–∏–∫ –ì—Ä—É–∑–∏—è	173508	0	private
narodna-pravda.ua	narodna-pravda.ua/	–ù–ê–†–û–î–ù–ê –ü–†–ê–í–î–ê	172817	0	private
dovidka.biz.ua	dovidka.biz.ua/	–î–æ–≤—ñ–¥–Ω–∏–∫ —Ü—ñ–∫–∞–≤–∏—Ö —Ñ–∞–∫—Ç—ñ–≤ —Ç–∞ –∫–æ—Ä–∏—Å–Ω–∏—Ö –∑–Ω–∞–Ω—å	172629	0	private
ukrlib.com.ua	www.ukrlib.com.ua/	–ë—ñ–±–ª—ñ–æ—Ç–µ–∫–∞ –£–∫—Ä–∞—ó–Ω—Å—å–∫–æ—ó –õ—ñ—Ç–µ—Ä–∞—Ç—É—Ä–∏	172609	0	private
iarex.ru	www.iarex.ru/	–ò–ê REX  -  –º–µ–∂–¥—É–Ω–∞—Ä–æ–¥–Ω–æ–µ —ç–∫—Å–ø–µ—Ä—Ç–Ω–æ–µ —Å–æ–æ–±—â–µ—Å—Ç–≤–æ	171692	0	public
turbo.az	www.turbo.az/	Turbo.Az - –≤—Å–µ –æ–± –∞–≤—Ç–æ–º–æ–±–∏–ª—è—Ö –≤ –ê–∑–µ—Ä–±–∞–π–¥–∂–∞–Ω–µ	171233	0	private
KHLru	www.khl.ru	–ö–æ–Ω—Ç–∏–Ω–µ–Ω—Ç–∞–ª—å–Ω–∞—è –•–æ–∫–∫–µ–π–Ω–∞—è –õ–∏–≥–∞ (–ö–•–õ)	171014	0	public
aif.ru/society	www.aif.ru/society/	–ê–ò–§ –û–±—â–µ—Å—Ç–≤–æ	170886	0	public
mundo.sputniknews.com	mundo.sputniknews.com/	Sputnik Mundo	170469	0	private
zachestnyibiznes.ru	zachestnyibiznes.ru/	–ó–ê–ß–ï–°–¢–ù–´–ô–ë–ò–ó–ù–ï–° - –≤—Å–µ—Ä–æ—Å—Å–∏–π—Å–∫–∞—è —Å–∏—Å—Ç–µ–º–∞ –ø—Ä–æ–≤–µ—Ä–∫–∏ –∫–æ–Ω—Ç—Ä–∞–≥–µ–Ω—Ç–æ–≤	169638	0	private
miss-tramell.livejournal.com	miss-tramell.livejournal.com/	–õ–µ–Ω–∞ –ú–∏—Ä–æ	168702	0	private
gismeteo.kz	www.gismeteo.kz/	GISMETEO.KZ: –ü–æ–≥–æ–¥–Ω—ã–π —Å–∞–π—Ç ‚Ññ1 –≤ –ö–∞–∑–∞—Ö—Å—Ç–∞–Ω–µ	168637	0	private
v-kurse	v-kurse.ru/	–ü–æ—Ä—Ç–∞–ª –í-–∫—É—Ä—Å–µ.—Ä—É	168609	0	public
v-kurse.ru	v-kurse.ru/	–í-–∫—É—Ä—Å–µ.—Ä—É - –ù–æ–≤–æ—Å—Ç–∏ –ü–µ—Ä–º–∏ –∏ –ü–µ—Ä–º—Å–∫–æ–≥–æ –∫—Ä–∞—è	168582	0	public
torrent-games.net	torrent-games.net/	–ü–µ—Ä–≤—ã–π –∏–≥—Ä–æ–≤–æ–π —Ç–æ—Ä—Ä–µ–Ω—Ç –ø–æ—Ä—Ç–∞–ª (www.torrent-games.net)	168250	0	private
buhonline.ru	buhonline.ru/	–ë—É—Ö–≥–∞–ª—Ç–µ—Ä–∏—è –û–Ω–ª–∞–π–Ω	167875	0	public
74	74.ru	–ì—Ä—É–ø–ø–∞ —Å–∞–π—Ç–æ–≤ 74.ru	165072	0	public
studopedia.org	studopedia.org/	–°—Ç—É–¥–æ–ø–µ–¥–∏—è.–û—Ä–≥	164494	0	private
tourister	tourister.ru	–¢—É—Ä–∏—Å—Ç–µ—Ä.–†—É	164105	0	private
sport24.ru	sport24.ru/	Sport24	163424	0	private
glavbukh	www.glavbukh.ru	–ñ—É—Ä–Ω–∞–ª ¬´–ì–ª–∞–≤–±—É—Ö¬ª	161828	0	private
www-dev.filmpro.ru	www-dev.filmpro.ru/	–§–∏–ª—å–º –ü—Ä–æ	159461	0	private
hsdigital/rn/smi/74	74.ru	74.ru - –≥–ª–∞–≤–Ω—ã–µ –Ω–æ–≤–æ—Å—Ç–∏ –ß–µ–ª—è–±–∏–Ω—Å–∫–∞. Hearst Shkulev Digital	158845	0	public
russian.rt.com/business	russian.rt.com/business/	–≠–∫–æ–Ω–æ–º–∏–∫–∞ - RT –Ω–∞ —Ä—É—Å—Å–∫–æ–º	158152	0	private
business-gazeta.ru	www.business-gazeta.ru/	–ë–ò–ó–ù–ï–° –û–ù–õ–ê–ô–ù - –î–µ–ª–æ–≤—ã–µ –Ω–æ–≤–æ—Å—Ç–∏ –ö–∞–∑–∞–Ω–∏ –∏ –¢–∞—Ç–∞—Ä—Å—Ç–∞–Ω–∞	157733	0	public
forumhouse.ru	www.forumhouse.ru/	FORUMHOUSE ‚Äì —Å–∞–º—ã–π –ø–æ–ø—É–ª—è—Ä–Ω—ã–π –∏ –∞–≤—Ç–æ—Ä–∏—Ç–µ—Ç–Ω—ã–π –ø–æ—Ä—Ç–∞–ª –æ —Å—Ç—Ä–æ–∏—Ç–µ–ª—å—Å—Ç–≤–µ –≤ –†–æ—Å—Å–∏–∏	157717	0	public
studopedia.su	studopedia.su/	–°—Ç—É–¥–æ–ø–µ–¥–∏—è.–°—É	157632	0	private
alleng.org	www.alleng.org/	–í—Å–µ–º, –∫—Ç–æ —É—á–∏—Ç—Å—è.	156934	0	private
mir24.tv	mir24.tv/	Mir24.tv: –Ω–æ–≤–æ—Å—Ç–∏ –¥–Ω—è, —Ñ–æ—Ç–æ –∏ –≤–∏–¥–µ–æ	156770	0	public
svoboda.org	svoboda.org/	–†–∞–¥–∏–æ –°–≤–æ–±–æ–¥–∞	156543	0	public
DriveNN	www.drivenn.ru/	DRIVENN.RU ‚Äî –∞–≤—Ç–æ–º–æ–±–∏–ª–∏ –∏ –∞–≤—Ç–æ—Å–∞–ª–æ–Ω—ã –≤ –ù–∏–∂–Ω–µ–º –ù–æ–≤–≥–æ—Ä–æ–¥–µ	155531	0	public
3dnews.ru	www.3dnews.ru/	3DNews - –≤—Å–µ –æ –∫–æ–º–ø—å—é—Ç–µ—Ä–∞—Ö, –∫–æ–º–ø–ª–µ–∫—Ç—É—é—â–∏—Ö, –≥–∞–¥–∂–µ—Ç–∞—Ö –∏ —Å–æ—Ñ—Ç–µ	155375	0	public
3dnews.ru	www.3dnews.ru/	3DNews - –≤—Å–µ –æ –∫–æ–º–ø—å—é—Ç–µ—Ä–∞—Ö, –∫–æ–º–ø–ª–µ–∫—Ç—É—é—â–∏—Ö, –≥–∞–¥–∂–µ—Ç–∞—Ö –∏ —Å–æ—Ñ—Ç–µ	155375	0	public
nahnews.com.ua	nahnews.com.ua/	–ù–æ–≤–æ—Å—Ç–Ω–æ–µ –∞–≥–µ–Ω—Ç—Å—Ç–≤–æ –•–∞—Ä—å–∫–æ–≤–∞	155166	0	private
zr.ru	www.zr.ru/	–ñ—É—Ä–Ω–∞–ª &quot;–ó–∞ —Ä—É–ª–µ–º&quot;. –ê–≤—Ç–æ–º–æ–±–∏–ª–∏ –≤ –†–æ—Å—Å–∏–∏	154102	0	public
facenews.ua	facenews.ua/	FaceNews.ua - –≥–ª–∞–≤–Ω—ã–µ –Ω–æ–≤–æ—Å—Ç–∏ –£–∫—Ä–∞–∏–Ω—ã –∏ –º–∏—Ä–∞	153864	0	public
lostfilm.hdkino.biz	lostfilm.hdkino.biz/	LostFilm Online	153518	0	private
vmdaily.ru	www.vmdaily.ru/	–í–µ—á–µ—Ä–Ω—è—è –ú–æ—Å–∫–≤–∞ - –æ—Å–Ω–æ–≤–Ω—ã–µ —Å–æ–±—ã—Ç–∏—è –¥–Ω—è, –Ω–∞—Å—Ç–æ—è—â–µ–µ –∏ –±—É–¥—É—â–µ–µ —Å—Ç–æ–ª–∏—Ü—ã.	153102	0	public
kp/kpall/reg/kpspb	spb.kp.ru	&quot;–ö–æ–º—Å–æ–º–æ–ª—å—Å–∫–∞—è –ø—Ä–∞–≤–¥–∞&quot; –°–∞–Ω–∫—Ç-–ü–µ—Ç–µ—Ä–±—É—Ä–≥	152924	0	public
ruhelp	ruhelp.com	MyBB ‚Äî –û—Ç–ª–∏—á–Ω—ã–π —Å–µ—Ä–≤–∏—Å –¥–ª—è —Å–æ–∑–¥–∞–Ω–∏—è —Ñ–æ—Ä—É–º–∞	152635	0	public
job-mo.ru	www.job-mo.ru/	Job-MO.ru - –†–∞–±–æ—Ç–∞ –≤ –ú–æ—Å–∫–æ–≤—Å–∫–æ–π –æ–±–ª–∞—Å—Ç–∏, –≤–∞–∫–∞–Ω—Å–∏–∏ –∏ —Ä–µ–∑—é–º–µ	152384	0	private
zvezdaweekly.ru	zvezdaweekly.ru/	–ó–í–ï–ó–î–ê, –µ–∂–µ–Ω–µ–¥–µ–ª—å–Ω–∏–∫ | –≠–∫—Å–ø–µ—Ä—Ç–Ω–æ–µ –º–Ω–µ–Ω–∏–µ –∏ –∞–Ω–∞–ª–∏—Ç–∏–∫–∞	152201	0	private
peopletalk.ru	peopletalk.ru/	PEOPLETALK - —ç–∫—Å–∫–ª—é–∑–∏–≤–Ω–æ –æ –∑–≤–µ–∑–¥–∞—Ö	151572	0	private
JoyReactor	joyreactor.cc/	JoyReactor: —Å–º–µ—à–Ω—ã–µ –∫–∞—Ä—Ç–∏–Ω–∫–∏ –∏ —Ç–µ–º–∞—Ç–∏—á–µ—Å–∫–∏–µ —Å–æ–æ–±—â–µ—Å—Ç–≤–∞	150007	0	private
flamp	flamp.ru	–§–ª–∞–º–ø - –æ—Ç–∑—ã–≤—ã –æ –∫–æ–º–ø–∞–Ω–∏—è—Ö –∏ –º–µ—Å—Ç–∞—Ö –≤–∞—à–µ–≥–æ –≥–æ—Ä–æ–¥–∞.	149996	0	private
games.mail.ru	games.mail.ru/	–ò–≥—Ä—ã Mail.Ru	148675	0	private
drp.su	drp.su/	DriverPack Solution - –ø—Ä–æ–≥—Ä–∞–º–º–∞ –¥–ª—è –∞–≤—Ç–æ –Ω–∞—Å—Ç—Ä–æ–π–∫–∏ –∫–æ–º–ø—å—é—Ç–µ—Ä–∞	148202	0	public
ohranatruda.ru	www.ohranatruda.ru/	–û—Ö—Ä–∞–Ω–∞ —Ç—Ä—É–¥–∞ –≤ –†–û–°–°–ò–ò	148166	0	public
zpravda.ru	zpravda.ru/	–ó–µ–ª–µ–Ω–æ–¥–æ–ª—å—Å–∫–∞—è –ø—Ä–∞–≤–¥–∞	148007	0	public
schlock.ru	www.schlock.ru/	–®–ª–æ–∫ - –Ω–æ–≤–æ—Å—Ç–∏ –∏ —Å–ª—É—Ö–∏ –¥–æ–º 2	147424	0	private
news.ru	news.ru/	NEWS.RU	147028	0	public
snob.ru	www.snob.ru/	snob.ru	146756	0	private
Expertcen	expertcen.ru	¬´–≠–∫—Å–ø–µ—Ä—Ç –¶–µ–Ω ‚Ññ1¬ª ‚Äî —Ä–µ–π—Ç–∏–Ω–≥–æ–≤—ã–µ –æ—Ü–µ–Ω–∫–∏ —Ç–æ–≤–∞—Ä–æ–≤ –∏ —É—Å–ª—É–≥	146724	0	private
sputniknews.com	sputniknews.com/	Sputnik News Agency	146558	0	private
mirkosmosa.ru	mirkosmosa.ru/	–ú–∏—Ä –∫–æ—Å–º–æ—Å–∞	145864	0	private
7dach.ru	www.7dach.ru/	–ö–ª—É–± –ª—é–±–∏—Ç–µ–ª–µ–π –¥–∞—á–∏	144943	0	public
argumenti.ru	argumenti.ru/	–ì–∞–∑–µ—Ç–∞ –ê—Ä–≥—É–º–µ–Ω—Ç—ã –Ω–µ–¥–µ–ª–∏	144487	0	public
sovsport.ru	www.sovsport.ru/	–°–æ–≤–µ—Ç—Å–∫–∏–π —Å–ø–æ—Ä—Ç: –≠–∫—Å–∫–ª—é–∑–∏–≤–Ω—ã–µ –Ω–æ–≤–æ—Å—Ç–∏ —Å–ø–æ—Ä—Ç–∞, —Ä–µ–∑—É–ª—å—Ç–∞—Ç—ã, –æ–±—Å—É–∂–¥–µ–Ω–∏—è	144353	0	public
klerk.ru	klerk.ru/	–ö–ª–µ—Ä–∫.–†—É  -  –ø—Ä–∞–∫—Ç–∏—á–µ—Å–∫–∞—è –ø–æ–º–æ—â—å –±—É—Ö–≥–∞–ª—Ç–µ—Ä—É	144327	0	public
informator.su	informator.su/	–Ü–Ω—Ñ–æ—Ä–º–∞—Ç–æ—Ä - –¥—ñ–∑–Ω–∞–π—Å—è –ø–µ—Ä—à–∏–º!	143871	0	public
tofight.ru	tofight.ru/	ToFight.ru - c–∞–º—ã–µ –≥–æ—Ä—è—á–∏–µ –Ω–æ–≤–æ—Å—Ç–∏ –º–∏—Ä–∞ –µ–¥–∏–Ω–æ–±–æ—Ä—Å—Ç–≤	142925	0	private
expert.ru	www.expert.ru/	–ñ—É—Ä–Ω–∞–ª &quot;–≠–∫—Å–ø–µ—Ä—Ç&quot;	142891	0	public
kp/kpall/kpua	kp.ua	&quot;–ö–æ–º—Å–æ–º–æ–ª—å—Å–∫–∞—è –ø—Ä–∞–≤–¥–∞&quot; –≤ –£–∫—Ä–∞–∏–Ω–µ	142612	0	private
ezomediagroup	ezomediagroup.ru/	¬´–≠–∑–æ—Ç–µ—Ä–∏–∫–∞ –ú–µ–¥–∏–∞ –ì—Ä—É–ø–ø¬ª ‚Äî –∫—Ä—É–ø–Ω–µ–π—à–∞—è —Å–µ—Ç—å —ç–∑–æ—Ç–µ—Ä–∏—á–µ—Å–∫–∏—Ö —Å–∞–π—Ç–æ–≤	142565	0	private
motor.ru	motor.ru/	–ú–æ—Ç–æ—Ä	142273	0	public
wwwchitaru	www.chita.ru/	–ß–∏—Ç–∏–Ω—Å–∫–∏–π –ì–æ—Ä–æ–¥—Å–∫–æ–π –ü–æ—Ä—Ç–∞–ª	141688	0	public
newizv.ru	www.newizv.ru/	–ù–æ–≤—ã–µ –ò–∑–≤–µ—Å—Ç–∏—è	140815	0	public
gotovim-doma.ru	gotovim-doma.ru/	–ì–æ—Ç–æ–≤–∏–º –¥–æ–º–∞ - –ø—Ä–æ—Å—Ç—ã–µ –∫—É–ª–∏–Ω–∞—Ä–Ω—ã–µ —Ä–µ—Ü–µ–ø—Ç—ã —Å —Ñ–æ—Ç–æ–≥—Ä–∞—Ñ–∏—è–º–∏	140204	0	public
szh.kz	szh.kz/	Baribar.kz - –ë—ñ–∑–¥–µ –±”ô—Ä—ñ –±–∞—Ä	140099	0	private
poezdato.net	poezdato.net/	poezdato.net	140030	0	private
1gai.ru	www.1gai.ru/	1–≥–∞–∏.—Ä—É - –ê–≤—Ç–æ–º–æ–±–∏–ª—å–Ω–æ–µ –∏–Ω—Ç–µ—Ä–Ω–µ—Ç –∏–∑–¥–∞–Ω–∏–µ –¥–ª—è —Ç–µ—Ö, –∫—Ç–æ –ª—é–±–∏—Ç –≤—Å–µ, —á—Ç–æ –¥–≤–∏–∂–µ—Ç—Å—è	139412	0	private
vladtime.ru	www.vladtime.ru/	–í–ª–∞–¥–¢–∞–π–º - –∏–Ω—Ñ–æ—Ä–º–∞—Ü–∏–æ–Ω–Ω–æ–µ –∞–≥–µ–Ω—Ç—Å—Ç–≤–æ	139122	0	private
irr	www.irr.ru/	–ò–∑ —Ä—É–∫ –≤ —Ä—É–∫–∏ - –±–µ—Å–ø–ª–∞—Ç–Ω—ã–µ –æ–±—ä—è–≤–ª–µ–Ω–∏—è –∞–≤—Ç–æ, –Ω–µ–¥–≤–∏–∂–∏–º–æ—Å—Ç—å, —Ä–∞–±–æ—Ç–∞	138768	0	private
news-front.info	news-front.info/	News Front - –ù–æ–≤–æ—Å—Ç–Ω–æ–π –§—Ä–æ–Ω—Ç	136841	0	private
bktrade.ru	bktrade.ru/	–ë–ª–æ–≥ –ë–µ—à–µ–Ω–æ–≥–æ —Ç–æ—Ä–≥–æ–≤—Ü–∞	136732	0	private
medaboutme.ru	medaboutme.ru/	Medaboutme (–º–µ–¥–∏—Ü–∏–Ω–∞ –æ–±–æ –º–Ω–µ) - –∏–Ω—Ñ–æ—Ä–º–∞—Ü–∏–æ–Ω–Ω–∞—è –º–µ–¥–∏—Ü–∏–Ω—Å–∫–∞—è —Å–∏—Å—Ç–µ–º–∞	136615	0	private
euro-football.ru	www.euro-football.ru/	–ï–í–†–û-–§–£–¢–ë–û–õ.—Ä—É : –≤—Å–µ –Ω–æ–≤–æ—Å—Ç–∏ —Ñ—É—Ç–±–æ–ª–∞, –†–§–ü–õ, –õ–∏–≥–∞ –ß–µ–º–ø–∏–æ–Ω–æ–≤	136145	0	public
ruposters.ru	ruposters.ru/	–†—É–ø–æ—Å—Ç–µ—Ä—Å	135824	0	private
soccer.ru	www.soccer.ru/	Soccer.Ru - –Ω–æ–≤–æ—Å—Ç–∏ —Ñ—É—Ç–±–æ–ª–∞, –∞–Ω–∞–ª–∏—Ç–∏–∫–∞.	135019	0	private
zabmedia	zabmedia.ru	–ó–∞–±Media –ü–æ—Ä—Ç–∞–ª –ó–∞–±–∞–π–∫–∞–ª—å—Å–∫–æ–≥–æ –∫—Ä–∞—è	134623	0	private
marieclaire.ru	marieclaire.ru/	Marie Claire	134330	0	public
ulpressa.ru	www.ulpressa.ru/	–£–ª–ø—Ä–µ—Å—Å–∞	133520	0	public
RS_Total/Sputniki_Total/Sputnik/newskaz	newskaz.ru	Sputnik –ö–∞–∑–∞—Ö—Å—Ç–∞–Ω	132916	0	private
zabmedia.ru	zabmedia.ru/	–ü–æ—Ä—Ç–∞–ª –ó–∞–±–∞–π–∫–∞–ª—å—Å–∫–æ–≥–æ –∫—Ä–∞—è	132805	0	private
myfin.by	myfin.by/	Myfin.by - –±–∞–Ω–∫–∏ –ë–µ–ª–∞—Ä—É—Å–∏	132384	0	private
Anidub	anidub.com	–ü—Ä–æ–µ–∫—Ç –ê–Ω–∏–¥–∞–±	131990	0	public
Slando_KZ	slando.kz	Olx.kz - –°–∞–π—Ç —á–∞—Å—Ç–Ω—ã—Ö –±–µ—Å–ø–ª–∞—Ç–Ω—ã—Ö –æ–±—ä—è–≤–ª–µ–Ω–∏–π –ö–∞–∑–∞—Ö—Å—Ç–∞–Ω–∞	131788	0	private
ellegirl.ru	ellegirl.ru/	ELLE GIRL: –æ—Ñ–∏—Ü–∏–∞–ª—å–Ω—ã–π —Å–∞–π—Ç –∂—É—Ä–Ω–∞–ª–∞	130217	0	private
msk.riafan.ru	msk.riafan.ru/	–§–ê–ù - –ú–æ—Å–∫–≤–∞	130135	0	private
versia.ru	versia.ru/	–í–µ—Ä—Å–∏—è - –Ω–æ–≤–æ—Å—Ç–∏ –∏ —Ä–∞—Å—Å–ª–µ–¥–æ–≤–∞–Ω–∏—è –≥–∞–∑–µ—Ç—ã ¬´–ù–∞—à–∞ –≤–µ—Ä—Å–∏—è¬ª	129791	0	public
de.sputniknews.com	de.sputniknews.com/	Sputnik DE	129434	0	private
66	www.66.ru	66.RU –ó–¥–µ—Å—å –≤—Å–µ –≤—Å—ë –ø–æ–Ω–∏–º–∞—é—Ç	129368	0	public
finobzor.ru	finobzor.ru/	–≠–∫–æ–Ω–æ–º–∏—á–µ—Å–∫–æ–µ –æ–±–æ–∑—Ä–µ–Ω–∏–µ	129342	0	private
muz-tv.ru	www.muz-tv.ru/	–ü–µ—Ä–≤—ã–π –Ω–∞—Ü–∏–æ–Ω–∞–ª—å–Ω—ã–π –º—É–∑—ã–∫–∞–ª—å–Ω—ã–π —Ç–µ–ª–µ–∫–∞–Ω–∞–ª	129234	0	private
gazeta.ru/auto	www.gazeta.ru/auto/	–ì–∞–∑–µ—Ç–∞.Ru: –ê–≤—Ç–æ–º–æ–±–∏–ª–∏	129167	0	private
slovodel.com	slovodel.com/	–ê–Ω–∞–ª–∏—Ç–∏—á–µ—Å–∫–∏–π –∏–Ω—Ç–µ—Ä–Ω–µ—Ç-–∂—É—Ä–Ω–∞–ª &quot;–°–ª–æ–≤–æ –∏ –¥–µ–ª–æ&quot;	129115	0	private
sdelaysam-svoimirukami.ru	www.sdelaysam-svoimirukami.ru/	–°–¥–µ–ª–∞–π —Å–∞–º —Å–≤–æ–∏–º–∏ —Ä—É–∫–∞–º–∏	129005	0	private
gismeteo.lt	www.gismeteo.lt/	GISMETEO.LT: Or≈≥ svetainƒó Lietuvoje Nr. 1	128326	0	private
audit-it.ru	www.audit-it.ru/	–ë—É—Ö–≥–∞–ª—Ç–µ—Ä—Å–∫–∏–π —É—á–µ—Ç, –Ω–∞–ª–æ–≥–∏, –∞—É–¥–∏—Ç –≤ –†–§	128245	0	public
News_Front_info	news-front.info/	News_Front_info	127825	0	private
football.ua	football.ua/	FOOTBALL.UA	127380	0	private
russkiiyazyk.ru	russkiiyazyk.ru/	–†—É—Å—Å–∫–∏–π —è–∑—ã–∫	127204	0	private
crimea.ria.ru	crimea.ria.ru/	–†–ò–ê –ö—Ä—ã–º	126701	0	private
2gis/online/kz	2gis.kz	–ö–∞—Ä—Ç–∞ c —É–ª–∏—Ü–∞–º–∏, –¥–æ–º–∞–º–∏ –∏ –æ—Ä–≥–∞–Ω–∏–∑–∞—Ü–∏—è–º–∏ –≥–æ—Ä–æ–¥–∞ ‚Äî 2–ì–ò–°	126494	0	private
mexedi.net	mexedi.net/	Mexedi.Net	125634	0	private
sudact.ru	sudact.ru/	–°—É–¥–µ–±–Ω—ã–µ –∏ –Ω–æ—Ä–º–∞—Ç–∏–≤–Ω—ã–µ –∞–∫—Ç—ã –†–§	125566	0	private
pln-pskov.ru	pln-pskov.ru/	–ü—Å–∫–æ–≤—Å–∫–∞—è –õ–µ–Ω—Ç–∞ –ù–æ–≤–æ—Å—Ç–µ–π	124739	0	private
kp/kpall/reg/kpnsk	nsk.kp.ru	&quot;–ö–æ–º—Å–æ–º–æ–ª—å—Å–∫–∞—è –ø—Ä–∞–≤–¥–∞&quot; –ù–æ–≤–æ—Å–∏–±–∏—Ä—Å–∫	124543	0	public
poncy-ru	poncy.ru	Poncy.ru / –û–Ω–ª–∞–π–Ω - –ü—Ä–∏–ª–æ–∂–µ–Ω–∏—è	124341	0	private
topnews.ru	www.topnews.ru/	TopNews: –°–∞–º—ã–µ –∑–Ω–∞–º–µ–Ω–∏—Ç—ã–µ –º–∏–ª–ª–∏–æ–Ω–µ—Ä—ã, &quot;–ø—Ä–æ–≥–Ω—É–≤—à–∏–µ&quot; –ò–Ω—Å—Ç–∞–≥—Ä–∞–º (–§–û–¢–û)	124330	0	private
oxu.az	www.oxu.az/	Oxu.az - Az…ôrbaycan X…ôb…ôrl…ôri	123913	0	private
proua.com	proua.com/	Comments.UA - –∏–Ω—Ñ–æ—Ä–º–∞—Ü–∏–æ–Ω–Ω—ã–π –ø–æ—Ä—Ç–∞–ª	123398	0	public
RS_Total/Sputniki_Total/Sputnik/Sputnik_by	sputnik.by	–°–ø—É—Ç–Ω–∏–∫ –ë–µ–ª–∞—Ä—É—Å—å	123187	0	private
eurointegration.com.ua	eurointegration.com.ua/	–Ñ–≤—Ä–æ–ø–µ–π—Å—å–∫–∞ –ø—Ä–∞–≤–¥–∞	123027	0	public
Nevnov	nevnov.ru	–ù–µ–≤—Å–∫–∏–µ –ù–æ–≤–æ—Å—Ç–∏	122547	0	private
hsdigital/rn/forum/66	hsdigital/rn/forum/66	E1.RU ‚Äî –§–æ—Ä—É–º	122516	0	public
BASHINFORM	bashinform.ru/	–ì—Ä—É–ø–ø–∞ —Å–∞–π—Ç–æ–≤ –ò–ê ¬´–ë–∞—à–∏–Ω—Ñ–æ—Ä–º¬ª	122514	0	public
style.rbc.ru	style.rbc.ru/	–†–ë–ö.–°—Ç–∏–ª—å	122302	0	private
AllStatsLicemer	lice-mer.ru	Topface - –∑–Ω–∞–∫–æ–º–∏—Ç—å—Å—è –æ–Ω–ª–∞–π–Ω –ª–µ–≥–∫–æ!	122298	0	private
kto-chto-gde.ru	kto-chto-gde.ru/	–ö—Ç–æ? –ß—Ç–æ? –ì–¥–µ? - –ø–æ–∑–Ω–∞–≤–∞—Ç–µ–ª—å–Ω—ã–π –ø—Ä–æ–µ–∫—Ç: —Å—Ç–∞—Ç—å–∏, –ø—Ä–∞–∑–¥–Ω–∏–∫–∏, –ø–æ–∑–¥—Ä–∞–≤–ª–µ–Ω–∏—è, –∏–º–µ–Ω–∞	120928	0	private
spb.hh.ru	spb.hh.ru/	–†–∞–±–æ—Ç–∞ –≤ –°–∞–Ω–∫—Ç-–ü–µ—Ç–µ—Ä–±—É—Ä–≥–µ  -  Spb.hh.ru (HeadHunter Group)	120714	0	public
hsdigital/rn/smi/34	v1.ru	V1.RU - –≥–ª–∞–≤–Ω—ã–µ –Ω–æ–≤–æ—Å—Ç–∏ –í–æ–ª–≥–æ–≥—Ä–∞–¥–∞. Hearst Shkulev Digital	120115	0	public
shkolazhizni	shkolazhizni.ru	–®–∫–æ–ª–∞–ñ–∏–∑–Ω–∏.—Ä—É - –µ–∂–µ–¥–Ω–µ–≤–Ω—ã–π –ø–æ–∑–Ω–∞–≤–∞—Ç–µ–ª—å–Ω—ã–π –∂—É—Ä–Ω–∞–ª	119948	0	public
kazanfirst.ru	kazanfirst.ru/	Kazanfirst - –ù–æ–≤–æ—Å—Ç–∏ –¢–∞—Ç–∞—Ä—Å—Ç–∞–Ω–∞	119582	0	public
smi.pp.ua	smi.pp.ua/	–ê–≥—Ä–µ–≥–∞—Ç–æ—Ä –Ω–æ–≤–æ—Å—Ç–µ–π	119303	0	public
newsru.co.il	www.newsru.co.il/	NEWSru Israel - –Ω–æ–≤–æ—Å—Ç–∏ –ò–∑—Ä–∞–∏–ª—è	119020	0	public
belaruspartisan.by	belaruspartisan.by/	–ë–µ–ª–æ—Ä—É—Å—Å–∫–∏–π –ø–∞—Ä—Ç–∏–∑–∞–Ω:–Ω–æ–≤–æ—Å—Ç–∏ –ë–µ–ª–∞—Ä—É—Å–∏: –æ–ø–µ—Ä–∞—Ç–∏–≤–Ω—ã–µ, –≤–∞–∂–Ω—ã–µ, –æ–±—ä–µ–∫—Ç–∏–≤–Ω—ã–µ	118823	0	private
autonews.ru	www.autonews.ru/	Autonews.ru: –Ω–æ–≤–æ—Å—Ç–∏ –æ–± –∞–≤—Ç–æ–º–æ–±–∏–ª—è—Ö	118767	0	private
epravda.com.ua	epravda.com.ua/	–ï–∫–æ–Ω–æ–º—ñ—á–Ω–∞ –ø—Ä–∞–≤–¥–∞	117535	0	public
klops.ru	klops.ru/	Klops.ru ! –ö–ª–æ–ø—Å.–†—É - –Ω–æ–≤–æ—Å—Ç–∏ –ö–∞–ª–∏–Ω–∏–Ω–≥—Ä–∞–¥–∞ –∏ –ö–∞–ª–∏–Ω–∏–Ω–≥—Ä–∞–¥—Å–∫–æ–π –æ–±–ª–∞—Å—Ç–∏	117025	0	public
RS_Total/Sputniki_Total/Sputnik/Sputnik_am	sputnikarmenia.ru	–°–ø—É—Ç–Ω–∏–∫ –ê—Ä–º–µ–Ω–∏—è	117007	0	private
kp/kpall/reg/kpufa	ufa.kp.ru	&quot;–ö–æ–º—Å–æ–º–æ–ª—å—Å–∫–∞—è –ø—Ä–∞–≤–¥–∞&quot; –£—Ñ–∞	116803	0	public
newsyou.info	newsyou.info/	–ù–æ–≤–æ—Å—Ç–∏ –Æ	116679	0	private
NewsDroup	ekb-on-air.ru/	–ì—Ä—É–ø–ø–∞ —Å–∞–π—Ç–æ–≤ –Ω–æ–≤–æ—Å—Ç–µ–π: –£—Ñ–∞, –ü–µ—Ä–º—å, –û–º—Å–∫, –°.-–ü–µ—Ç–µ—Ä–±—É—Ä–≥, –ï–∫–∞—Ç–µ—Ä–∏–Ω–±—É—Ä–≥	116527	0	private
hsdigital/rn/realty	realty.ngs.ru	N1.RU ‚Äî –ù–ï–î–í–ò–ñ–ò–ú–û–°–¢–¨ / Hearst Shkulev Digital (E1+NGS+74+N1)	115992	0	private
zn.ua	zn.ua/	–ó–µ—Ä–∫–∞–ª–æ –ù–µ–¥–µ–ª–∏	115920	0	private
hsdigital/rn/forum/52	hsdigital/rn/forum/52	NN.RU ‚Äî –§–æ—Ä—É–º—ã	115038	0	public
fastpic.ru	fastpic.ru/	FastPic - –±—ã—Å—Ç—Ä—ã–π –∏ –±–µ—Å–ø–ª–∞—Ç–Ω—ã–π —Ö–æ—Å—Ç–∏–Ω–≥ –∏–∑–æ–±—Ä–∞–∂–µ–Ω–∏–π	114858	0	public
RS_Total/Sputniki_Total/Sputnik/Sputnik_kg	sputnik.kg	–°–ø—É—Ç–Ω–∏–∫ –ö—ã—Ä–≥—ã–∑—Å—Ç–∞–Ω	114580	0	private
vl.ru	vl.ru/	–°–∞–π—Ç –í–ª–∞–¥–∏–≤–æ—Å—Ç–æ–∫–∞	114231	0	public
online812.ru	online812.ru/	Online812 - –æ–±—â–µ—Å—Ç–≤–µ–Ω–Ω–æ-–ø–æ–ª–∏—Ç–∏—á–µ—Å–∫–æ–µ –∏–Ω—Ç–µ—Ä–Ω–µ—Ç-–°–ú–ò	114198	0	private
lektsii.org	lektsii.org/	–õ–µ–∫—Ü–∏–∏.–û—Ä–≥	114027	0	private
kp/kpall/kpby	kp.by/	&quot;–ö–æ–º—Å–æ–º–æ–ª—å—Å–∫–∞—è –ø—Ä–∞–≤–¥–∞&quot; –ë–µ–ª–∞—Ä—É—Å—å	113823	0	private
kinozal.tv	kinozal.tv/	–ö–∏–Ω–æ–∑–∞–ª.–¢–í - –§–∏–ª—å–º—ã, –ø—Ä–µ–º—å–µ—Ä—ã, –Ω–æ–≤–∏–Ω–∫–∏ –¥–æ—Å—Ç—É–ø–Ω—ã –∑–¥–µ—Å—å	113541	0	private
spb.riafan.ru	spb.riafan.ru/	–§–ê–ù - –°–∞–Ω–∫—Ç-–ü–µ—Ç–µ—Ä–±—É—Ä–≥	113128	0	private
vgtimes.ru	vgtimes.ru/	VGTimes.Ru ‚Äî –ª–∏—Å—Ç–∞–π –≤–Ω–∏–∑, –Ω–∞–º –Ω—É–∂–Ω–æ –Ω–∞–≤–µ—Ä—Ö üöÄ	113083	0	public
continentalist.ru	continentalist.ru/	–ö–æ–Ω—Ç - –ø–ª–æ—â–∞–¥–∫–∞ –¥–ª—è —Å–æ—Ü–∏–∞–ª—å–Ω–æ–π –∂—É—Ä–Ω–∞–ª–∏—Å—Ç–∏–∫–∏	113077	0	public
amdm.ru	www.amdm.ru/	AmDm.ru - –ø–æ—Ä—Ç–∞–ª –¥–ª—è –º—É–∑—ã–∫–∞–Ω—Ç–æ–≤ | –∞–∫–∫–æ—Ä–¥—ã, —Ç–∞–±—É–ª–∞—Ç—É—Ä—ã, gtp, mp3 –ø–µ—Å–µ–Ω, –ø—Ä–æ–≥—Ä–∞–º–º—ã	113019	0	private
radikal.ru	radikal.ru/	–†–∞–¥–∏–∫–∞–ª-–§–æ—Ç–æ - —Ñ–æ—Ç–æ- –∏ –≤–∏–¥–µ–æ—Ö–æ—Å—Ç–∏–Ω–≥	112587	0	public
libking.ru	libking.ru/	–ö–Ω–∏–≥–∏ —á–∏—Ç–∞—Ç—å –æ–Ω–ª–∞–π–Ω	112557	0	private
RS_Total/Sputniki_Total/Sputnik/Sputnik_md	sputnik.md	–°–ø—É—Ç–Ω–∏–∫ –ú–æ–ª–¥–æ–≤–∞	112437	0	private
hronika.info	hronika.info/	–•—Ä–æ–Ω–∏–∫–∞ –º–∏—Ä–æ–≤—ã—Ö —Å–æ–±—ã—Ç–∏–π	112026	0	private
hm6.ru	hm6.ru/	–ê–∫–∫–æ—Ä–¥—ã –ø–µ—Å–µ–Ω –ø–æ–¥ –≥–∏—Ç–∞—Ä—É - mychords.net	111566	0	private
zadolba.li	zadolba.li/	–ó–∞–¥–æ–ª–±–∞!–ª–∏	111513	0	public
vse42_ru	vse42.ru	–ò–Ω—Ñ–æ—Ä–º–∞—Ü–∏–æ–Ω–Ω—ã–π —Å–∞–π—Ç &quot;–í–°–Å42&quot;	110881	0	public
ng.ru	www.ng.ru/	–ù–ï–ó–ê–í–ò–°–ò–ú–ê–Ø –ì–ê–ó–ï–¢–ê	110559	0	public
megalyrics.ru	megalyrics.ru/	Megalyrics	110510	0	public
vesti-ua.net	vesti-ua.net/	–í–µ—Å—Ç–∏-UA || –ù–æ–≤–æ—Å—Ç–∏ –£–∫—Ä–∞–∏–Ω—ã | –ù–æ–≤–∏–Ω–∏ –£–∫—Ä–∞—ó–Ω–∏	110299	0	private
info24.ru	info24.ru/	–ò–Ω—Ñ–æ24	110243	0	private
literaguru.ru	literaguru.ru/	–õ–∏—Ç–µ—Ä–∞–≥—É—Ä—É	110076	0	private
BigPicture	bigpicture.ru	–ú–µ–¥–∏–∞–≥—Ä—É–ø–ø–∞ BigPicture.ru	109949	0	private
urod.ru	www.urod.ru/	–†–∞–∑–≤–ª–µ–∫–∞—Ç–µ–ª—å–Ω–æ-–ø—É–±–ª–∏—Ü–∏—Å—Ç–∏—á–µ—Å–∫–∏–π –ø—Ä–æ–µ–∫—Ç UROD.RU	109866	0	private
kritika24.ru	www.kritika24.ru/	–ê–Ω–∞–ª–∏–∑ –ª–∏—Ç–µ—Ä–∞—Ç—É—Ä–Ω—ã—Ö –ø—Ä–æ–∏–∑–≤–µ–¥–µ–Ω–∏–π	109657	0	private
anekdot.ru	anekdot.ru/	–ê–Ω–µ–∫–¥–æ—Ç—ã –∏–∑ –†–æ—Å—Å–∏–∏	109599	0	public
Move	move.su	–ü–æ–∏—Å–∫–æ–≤–∞—è —Å–∏—Å—Ç–µ–º–∞ –Ω–µ–¥–≤–∏–∂–∏–º–æ—Å—Ç–∏ Move.Ru	109435	0	private
kudago.com	kudago.com/	–ö—É–¥–∞ –ø–æ–π—Ç–∏? –ú–æ—Å–∫–≤–∞, –°–∞–Ω–∫—Ç-–ü–µ—Ç–µ—Ä–±—É—Ä–≥. KudaGo.	109289	0	private
helpiks.org	helpiks.org/	–•–µ–ª–ø–∏–∫—Å	109220	0	private
fast-torrent.ru	www.fast-torrent.ru/	–í—ã–±–∏—Ä–∞–π –∏–∑ 50 000 —Ñ–∏–ª—å–º–æ–≤ –∏ —Å–µ—Ä–∏–∞–ª–æ–≤! –°–º–æ—Ç—Ä–∏ –æ–Ω–ª–∞–π–Ω, –ö–∞—á–∞–π –±–µ—Å–ø–ª–∞—Ç–Ω–æ!	109142	0	private
Hab/all	dvhab.ru	–°–∞–π—Ç –•–∞–±–∞—Ä–æ–≤—Å–∫–∞	109068	0	public
inforeactor.ru	inforeactor.ru/	–ò–Ω—Ñ–æ—Ä–µ–∞–∫—Ç–æ—Ä - –£–∑–Ω–∞–≤–∞–π –ø–æ—Å–ª–µ–¥–Ω–∏–µ –Ω–æ–≤–æ—Å—Ç–∏ –ø–µ—Ä–≤—ã–º.	108953	0	private
healthbeautynetwork	healthbeautynetwork.ru/	Health &amp; Beauty Network	108908	0	public
rtvi.com	rtvi.com/	RTVi	108908	0	private
popmech.ru	www.popmech.ru/	–ü–æ–ø—É–ª—è—Ä–Ω–∞—è –ú–µ—Ö–∞–Ω–∏–∫–∞. –ñ—É—Ä–Ω–∞–ª –æ —Ç–æ–º, –∫–∞–∫ —É—Å—Ç—Ä–æ–µ–Ω –º–∏—Ä	107987	0	private
willbeua.com	willbeua.com/	–í—Å–µ –±—É–¥–µ –£–∫—Ä–∞—ó–Ω–∞	107839	0	private
news.vse42.ru	news.vse42.ru/	–ù–æ–≤–æ—Å—Ç–∏ VSE42.RU	107623	0	public
dota2.ru	dota2.ru/	Dota 2	107345	0	private
pravoslavie.ru	www.pravoslavie.ru/	–ü—Ä–∞–≤–æ—Å–ª–∞–≤–∏–µ.Ru	107243	0	private
tap.az	www.tap.az/	Tap.Az - –ë–µ—Å–ø–ª–∞—Ç–Ω—ã–µ –æ–±—ä—è–≤–ª–µ–Ω–∏—è –≤ –ê–∑–µ—Ä–±–∞–π–¥–∂–∞–Ω–µ	107195	0	private
metod-kopilka.ru	www.metod-kopilka.ru/	–ú–µ—Ç–æ–¥–∏—á–µ—Å–∫–∞—è –∫–æ–ø–∏–ª–∫–∞ —É—á–∏—Ç–µ–ª—è (–ò–ù–§–û–£–†–û–ö)	107091	0	private
dostfilms.net	dostfilms.net/	–°–º–æ—Ç—Ä–µ—Ç—å —Ñ–∏–ª—å–º—ã –æ–Ω–ª–∞–π–Ω –≤ HD –∫–∞—á–µ—Å—Ç–≤–µ	106778	0	private
subject.com.ua	subject.com.ua/	–û—Å–≤—ñ—Ç–∞. –í—Å—ñ –ø—Ä–µ–¥–º–µ—Ç–∏. –î–æ–≤—ñ–¥–∫–æ–≤—ñ –º–∞—Ç–µ—Ä—ñ–∞–ª–∏.	106723	0	public
filmets.net	filmets.net/	FILMETS	106448	0	private
muzlostyle.ru	muzlostyle.ru/	–º—É–∑—ã–∫–∞ —Å—Ç–∏–ª—è	106044	0	private
baku.tv	www.baku.tv/	Baku.TV -  Milli Video Portalƒ±	105437	0	private
bigpicture.ru	bigpicture.ru/	BigPicture.ru - –ù–æ–≤–æ—Å—Ç–∏ –≤ —Ñ–æ—Ç–æ–≥—Ä–∞—Ñ–∏—è—Ö	104726	0	private
novosti.in.ua	www.novosti.in.ua/	novostiiaua	104572	0	public
inpearls.ru	www.inpearls.ru/	–ñ–µ–º—á—É–∂–∏–Ω—ã –º—ã—Å–ª–∏	104414	0	private
pogoda.by	pogoda.by/	POGODA.BY - –ì–∏–¥—Ä–æ–º–µ—Ç—Ü–µ–Ω—Ç—Ä –†–µ—Å–ø—É–±–ª–∏–∫–∏ –ë–µ–ª–∞—Ä—É—Å—å	104320	0	public
super.kg	www.super.kg/	Super.kg –∏–Ω—Ñ–æ—Ä–º–∞—Ü–∏–æ–Ω–Ω–æ-—Ä–∞–∑–≤–ª–µ–∫–∞—Ç–µ–ª—å–Ω—ã–π –ø–æ—Ä—Ç–∞–ª	104040	0	public
lyudi.org	lyudi.org/	–õ—é–¥–∏ –∑–Ω–∞–∫–æ–º—Å—Ç–≤–∞ –æ–Ω–ª–∞–π–Ω	103530	0	private
proza.ru	www.proza.ru/	–ü—Ä–æ–∑–∞.—Ä—É - –Ω–∞—Ü–∏–æ–Ω–∞–ª—å–Ω—ã–π —Å–µ—Ä–≤–µ—Ä —Å–æ–≤—Ä–µ–º–µ–Ω–Ω–æ–π –ø—Ä–æ–∑—ã	103380	0	private
kp/kpall/reg/kprostov	rostov.kp.ru	&quot;–ö–æ–º—Å–æ–º–æ–ª—å—Å–∫–∞—è –ø—Ä–∞–≤–¥–∞&quot; –†–æ—Å—Ç–æ–≤	103279	0	public
mastercity.ru	www.mastercity.ru/	MasterGrad.com: –∫—Ä—É–ø–Ω–µ–π—à–∏–π —Ñ–æ—Ä—É–º –æ —Å—Ç—Ä–æ–∏—Ç–µ–ª—å—Å—Ç–≤–µ –∏ —Ä–µ–º–æ–Ω—Ç–µ	103187	0	public
viva.ua	www.viva.ua/	VIVA.ua - –ü–æ—Ä—Ç–∞–ª –æ–± –∏–∑–≤–µ—Å—Ç–Ω—ã—Ö –ª—é–¥—è—Ö –∏ —Å—Ç–∏–ª–µ –∂–∏–∑–Ω–∏	102949	0	private
topcor.ru	topcor.ru/	–†–µ–ø–æ—Ä—Ç—ë—Ä	102916	0	private
TextoLogia	www.textologia.ru/	TextoLogia.ru - –æ–±—Ä–∞–∑–æ–≤–∞—Ç–µ–ª—å–Ω—ã–π –ø–æ—Ä—Ç–∞–ª	102682	0	private
altadefinizione01.love	www.altadefinizione01.love/	Altadefinizione01.film - Film Streaming in HD Gratis	102129	0	private
softportal.com	softportal.com/	SOFTPORTAL- c–∫–∞—á–∞—Ç—å –ë–ï–°–ü–õ–ê–¢–ù–´–ï –ø—Ä–æ–≥—Ä–∞–º–º—ã	102033	0	private
tverigrad.ru	tverigrad.ru/	Tverigrad.ru | –ì–ª–∞–≤–Ω—ã–π –∏–Ω—Ñ–æ—Ä–º–∞—Ü–∏–æ–Ω–Ω—ã–π –ø–æ—Ä—Ç–∞–ª –¢–≤–µ—Ä—Å–∫–æ–π –æ–±–ª–∞—Å—Ç–∏	101554	0	public
top10a.ru	top10a.ru/	–¢–æ–ø10: –†–µ–π—Ç–∏–Ω–≥–∏, –û–±–∑–æ—Ä—ã, –§–∞–∫—Ç—ã, –°–ø–∏—Å–∫–∏ –ª—É—á—à–∏—Ö	101504	0	private
news.vl.ru	news.vl.ru/	–ù–æ–≤–æ—Å—Ç–∏ –í–ª–∞–¥–∏–≤–æ—Å—Ç–æ–∫–∞	101475	0	public
sueveriya.ru	sueveriya.ru/	–ù–∞—Ä–æ–¥–Ω—ã–µ –ø—Ä–∏–º–µ—Ç—ã –∏ —Å—É–µ–≤–µ—Ä–∏—è	101306	0	private
calorizator.ru	www.calorizator.ru/	Calorizator.ru - –ê–Ω–∞–ª–∏–∑–∏—Ä—É–π —Ç–æ, —á—Ç–æ —Ç—ã –µ—à—å!	101148	0	public
novosti-n.mk.ua	novosti-n.mk.ua/	–ù–∏–∫–æ–ª–∞–µ–≤—Å–∫–∞—è –æ–±–ª–∞—Å—Ç–Ω–∞—è –∏–Ω—Ç–µ—Ä–Ω–µ—Ç-–≥–∞–∑–µ—Ç–∞ ¬´–ù–æ–≤–æ—Å—Ç–∏ N¬ª	101051	0	public
podrobnosti.ua	podrobnosti.ua/	–ü–æ–¥—Ä–æ–±–Ω–æ—Å—Ç–∏.UA	100912	0	private
turk-serials.com	turk-serials.com/	–°–µ—Ä–∏–∞–ª—ã –∏ –∫–∏–Ω–æ	100727	0	private
bagnet.org	www.bagnet.org/	¬´–ë–∞–≥–Ω–µ—Ç¬ª	100633	0	public
mobile-review.com	www.mobile-review.com/	Mobile-review.com	100560	0	public
satom-ru	Satom.ru	Satom.ru - –±–∏–∑–Ω–µ—Å –∫–∞—Ç–∞–ª–æ–≥ —Ç–æ–≤–∞—Ä–æ–≤ –∏ —É—Å–ª—É–≥ –†–æ—Å—Å–∏–∏	100456	0	public
Day_Az	www.day.az	Day.Az - –í—Å–µ –Ω–æ–≤–æ—Å—Ç–∏ –ê–∑–µ—Ä–±–∞–π–¥–∂–∞–Ω–∞, –ê—Ä–º–µ–Ω–∏–∏ –∏ –ì—Ä—É–∑–∏–∏	100368	0	private
stopgame.ru	stopgame.ru/	StopGame - –∫–æ–º–ø—å—é—Ç–µ—Ä–Ω—ã–µ –∏–≥—Ä—ã, –Ω–æ–≤–æ—Å—Ç–∏, –æ–±–∑–æ—Ä—ã, –∫–æ–¥—ã –∏ –ø—Ä–æ—Ö–æ–∂–¥–µ–Ω–∏—è, —Å–æ–≤–µ—Ç—ã.	100265	0	private
footballua.tv	footballua.tv/	–¢–µ–ª–µ–∫–∞–Ω–∞–ª –§—É—Ç–±–æ–ª1 –∏ –§—É—Ç–±–æ–ª2	100153	0	private
kedem.ru	www.kedem.ru/	Kedem.ru ¬´–ö—É–ª–∏–Ω–∞—Ä–Ω—ã–π –≠–¥–µ–º¬ª	99533	0	public
bipbap.ru	bipbap.ru/	bipbap.ru - —Å–≤–µ–∂–∏–π —é–º–æ—Ä, –Ω–æ–≤—ã–µ –ø—Ä–∏–∫–æ–ª—ã, –∫–ª–∞—Å—Å–Ω—ã–µ –≤–∏–¥–µ–æ	99464	0	private
deal.by	deal.by/	deal.by	99163	0	private
ru.hellomagazine.com	ru.hellomagazine.com/	Hello	99120	0	private
gamebomb.ru	gamebomb.ru/	–û–±–∑–æ—Ä—ã –∏ –∏–Ω—Ñ–æ—Ä–º–∞—Ü–∏—è –ø–æ —Å–∞–º—ã–º –ø–æ–ø—É–ª—è—Ä–Ω—ã—Ö –∏–≥—Ä–∞–º	99063	0	private
ppt.ru	ppt.ru/	–ü–µ—Ç–µ—Ä–±—É—Ä–≥—Å–∫–∏–π –ø—Ä–∞–≤–æ–≤–æ–π –ø–æ—Ä—Ç–∞–ª	98669	0	private
anistar.ru	anistar.ru/	AniStar - –æ–¥–∏–Ω –∏–∑ –∫—Ä—É–ø–Ω–µ–π—à–∏—Ö –∞–Ω–∏–º–µ –ø–æ—Ä—Ç–∞–ª–æ–≤!	98560	0	private
sportsdaily.ru	sportsdaily.ru/	–°–ø–æ—Ä—Ç –¥–µ–Ω—å –∑–∞ –¥–Ω–µ–º	98473	0	private
etoya.ru	www.etoya.ru/	ETOYA.RU - –±—å—é—Ç–∏-–ø–æ—Ä—Ç–∞–ª –ò–õ–¨ –î–ï –ë–û–¢–≠	98394	0	private
forum.awd.ru	forum.awd.ru/	–§–û–†–£–ú –í–ò–ù–°–ö–û–ì–û : –°–∞–º–æ—Å—Ç–æ—è—Ç–µ–ª—å–Ω—ã–µ –ø—É—Ç–µ—à–µ—Å—Ç–≤–∏—è: –ê–≤–∏–∞–±–∏–ª–µ—Ç—ã, –≤–∏–∑—ã, –æ—Ç–µ–ª–∏	98330	0	private
finam.ru	www.finam.ru/	–§–∏–Ω–∞–º.RU¬© - –í–µ—Å—å —Å–ø–µ–∫—Ç—Ä –æ–ø–µ—Ä–∞—Ç–∏–≤–Ω–æ–π —Ñ–∏–Ω–∞–Ω—Å–æ–≤–æ–π –∏–Ω—Ñ–æ—Ä–º–∞—Ü–∏–∏	98245	0	private
lurkmore.ru	lurkmore.ru/	–õ—É—Ä–∫–æ–º–æ—Ä—å–µ	98001	0	public
bragazeta.ru	www.bragazeta.ru/	–ë—Ä—è–Ω—Å–∫–∏–µ –Ω–æ–≤–æ—Å—Ç–∏	97798	0	public
markakachestva.ru	markakachestva.ru/	–ú–∞—Ä–∫–∞–ö–∞—á–µ—Å—Ç–≤–∞ - —Ä–µ–π—Ç–∏–Ω–≥–∏ –ª—É—á—à–∏—Ö —Ç–æ–≤–∞—Ä–æ–≤	97571	0	private
doc4web.ru	doc4web.ru/	–•–æ—Å—Ç–∏–Ω–≥ –¥–æ–∫—É–º–µ–Ω—Ç–æ–≤ —É—á–µ–Ω–∏–∫–∞–º –∏ —É—á–∏—Ç–µ–ª—è–º	97378	0	private
video-dom2.ru	video-dom2.ru/	–î–æ–º 2 –≤–∏–¥–µ–æ –æ–Ω–ª–∞–π–Ω	97168	0	private
twizz.ru	twizz.ru/	Twizz - –¥–µ–ª–∏–º—Å—è –ª—É—á—à–∏–º	97144	0	private
art-assorty.ru	art-assorty.ru/	–ê—Ä—Ç –∞—Å—Å–æ—Ä—Ç–∏	96692	0	private
moscatalogue.net	www.moscatalogue.net/	MosCatalogue.net - –ø–æ–ø—É–ª—è—Ä–Ω–æ–µ –≤–∏–¥–µ–æ	96433	0	private
drive.ru	www.drive.ru/	–î–†–ê–ô–í	96362	0	public
78.ru	www.78.ru/	–ì–æ—Ä–æ–¥—Å–∫–æ–π –ø–æ—Ä—Ç–∞–ª 78.ru	96338	0	private
orakul.com	orakul.com/	–û–†–ê–ö–£–õ - –≥–æ—Ä–æ—Å–∫–æ–ø—ã, —Å–æ–Ω–Ω–∏–∫, –∏–º–µ–Ω–∞	96333	0	public
charter97.org	www.charter97.org/	–•–∞—Ä—Ç–∏—è'97 :: –ù–æ–≤–æ—Å—Ç–∏ –∏–∑ –ë–µ–ª–∞—Ä—É—Å–∏	96230	0	private
big.az	big.az/	BiG.AZ -   X…ôb…ôrl…ôr, Son yenilikl…ôr. B√∂y√ºk Az…ôrbaycan	95878	0	private
naviny.by	naviny.by/	NAVINY.by -  –ë–ï–õ–û–†–£–°–°–ö–ò–ï –ù–û–í–û–°–¢–ò	95461	0	private
123movies.solar	www.123movies.solar/	Watch Movies Online Free - 123movies.to	95388	0	private
m.love.mail.ru	m.love.mail.ru/	m.love.mail.ru	95371	0	public
vestifinance.ru	vestifinance.ru/	–í–µ—Å—Ç–∏ –≠–∫–æ–Ω–æ–º–∏–∫–∞	95327	0	private
spletnik.ru	spletnik.ru/	–°–ø–ª–µ—Ç–Ω–∏–∫.—Ä—É	95297	0	private
forum.ixbt.com	forum.ixbt.com/	–ö–æ–Ω—Ñ–µ—Ä–µ–Ω—Ü–∏—è iXBT.com	95138	0	public
zik.ua	zik.ua/	ZIK: –Ω–æ–≤–∏–Ω–∏ –£–∫—Ä–∞—ó–Ω–∏, —Ç–µ–ª–µ–∫–∞–Ω–∞–ª ZIK, –ó–Ü–ö	94581	0	private
hochu.ua	hochu.ua/	hochu.ua	94511	0	private
kolesa-darom.ru	kolesa-darom.ru/	KOLESA-DAROM.RU –ë–æ–ª–µ–µ 35000 –º–æ–¥–µ–ª–µ–π –¥–∏—Å–∫–æ–≤, –æ–≥—Ä–æ–º–Ω—ã–π –≤—ã–±–æ—Ä —à–∏–Ω,–ø—Ä–æ–¥–∞–∂–∞ –ø–æ –†–æ—Å—Å–∏–∏	94260	0	private
informburo.kz	informburo.kz/	inform–ë–Æ–†–û	94173	0	private
oktools.ru	oktools.ru/	Oktools - –ü–ª–∞–≥–∏–Ω –¥–ª—è odnoklassniki.ru. –£—Å—Ç–∞–Ω–≤–æ–∫–∞ —Ç–µ–º –∏ —Å—Ç–∞—Ç—É—Å–æ–≤.	94093	0	private
footballhd.ru	footballhd.ru/	FootballHD.ru - —Ñ—É—Ç–±–æ–ª—å–Ω—ã–µ –Ω–æ–≤–æ—Å—Ç–∏ 24/7	93688	0	private
joyreactor.ru	joyreactor.ru/	JoyReactor - —Å–º–∏—â–Ω—ã–µ –∫–∞—Ä—Ç–∏–Ω–∫–∏	93466	0	private
fr-lyrics.ru	fr-lyrics.ru/	–ü–µ—Ä–µ–≤–æ–¥—ã –ø–µ—Å–µ–Ω	93445	0	private
otzyv	www.otzyv.ru	–û–¢–ó–´–í.RU ‚Äî –æ—Ç–∑—ã–≤—ã —Ç—É—Ä–∏—Å—Ç–æ–≤, —Ñ–æ—Ä—É–º –ø—É—Ç–µ—à–µ—Å—Ç–≤–µ–Ω–Ω–∏–∫–æ–≤	93373	0	private
kinosave.ru	kinosave.ru/	–û–Ω–ª–∞–π–Ω –∫–∏–Ω–æ—Ç–µ–∞—Ç—Ä KinoSave.ru	93328	0	private
arhangel.ru	arhangel.ru/	–ê—Ä—Ö–∞–Ω–≥–µ–ª.ru: —Å–æ–Ω–Ω–∏–∫, –æ–Ω–ª–∞–π–Ω –≥–∞–¥–∞–Ω–∏—è, —Ç–µ—Å—Ç—ã, –≥–æ—Ä–æ—Å–∫–æ–ø—ã	93069	0	private
pda.nn.ru	pda.nn.ru/	–ú–æ–±–∏–ª—å–Ω–∞—è –≤–µ—Ä—Å–∏—è —Å–∞–π—Ç–∞ –ù–∏–∂–Ω–∏–π –ù–æ–≤–≥–æ—Ä–æ–¥ –û–Ω-–õ–∞–π–Ω	92864	0	public
kp/kpall/reg/kpsamara	samara.kp.ru	&quot;–ö–æ–º—Å–æ–º–æ–ª—å—Å–∫–∞—è –ø—Ä–∞–≤–¥–∞&quot; –°–∞–º–∞—Ä–∞	92408	0	public
calend	calend.ru	–ö–∞–ª–µ–Ω–¥–∞—Ä—å c–æ–±—ã—Ç–∏–π 2018  - –ø—Ä–∞–∑–¥–Ω–∏–∫–∏, –∏–º–µ–Ω–∏–Ω—ã, –ø–∞–º—è—Ç–Ω—ã–µ –¥–∞—Ç—ã	92367	0	public
TELEru	www.tele.ru/	–¢–ï–õ–ï–ù–ï–î–ï–õ–Ø: –≤—Å—ë –æ –∑–≤—ë–∑–¥–∞—Ö!	92327	0	public
pg21.ru	pg21.ru/	–ü–æ—Ä—Ç–∞–ª PRO –ì–æ—Ä–æ–¥ –ß–µ–±–æ–∫—Å–∞—Ä—ã –∏ –ù–æ–≤–æ—á–µ–±–æ–∫—Å–∞—Ä—Å–∫	92221	0	public
a42	a42.ru	–†–µ–≥–∏–æ–Ω–∞–ª—å–Ω—ã–π —Å–∞–π—Ç –ö—É–∑–±–∞—Å—Å–∞ A42.RU	91084	0	public
dp.informator.ua	dp.informator.ua/	–ò–Ω—Ñ–æ—Ä–º–∞—Ç–æ—Ä	90806	0	private
slovoidilo.ua	slovoidilo.ua/	–°–ª–æ–≤–æ —ñ –î—ñ–ª–æ	90494	0	private
MOE-online	www.moe-online.ru	–ú–û–Å! Online. –í—Å–µ –Ω–æ–≤–æ—Å—Ç–∏ –í–æ—Ä–æ–Ω–µ–∂–∞	90418	0	public
piluli.kharkov.ua	www.piluli.kharkov.ua/	Piluli - –ú–µ–¥–∏—Ü–∏–Ω–∞ –æ—Ç –ê –¥–æ –Ø	90350	0	public
aif.ru/money	www.aif.ru/money/	–ê–ò–§ –î–µ–Ω—å–≥–∏	89739	0	public
novorosinform.org	www.novorosinform.org/	–ò–Ω—Ñ–æ—Ä–º–∞—Ü–∏–æ–Ω–Ω–æ–µ –∞–≥–µ–Ω—Ç—Å—Ç–≤–æ ¬´–ù–æ–≤–æ—Ä–æ—Å—Å–∏—è¬ª	89513	0	private
avtodispetcher.ru	www.avtodispetcher.ru/	–ê–≤—Ç–æ–¥–∏—Å–ø–µ—Ç—á–µ—Ä.–†—É	89103	0	private
kp/kpall/reg/kpalt	alt.kp.ru	&quot;–ö–æ–º—Å–æ–º–æ–ª—å—Å–∫–∞—è –ø—Ä–∞–≤–¥–∞&quot; –ë–∞—Ä–Ω–∞—É–ª	88533	0	public
mikroskop.net.ua	www.mikroskop.net.ua/	–ú–∏–∫—Ä–æ—Å–∫–æ–ø	88435	0	public
signorina.ru	www.signorina.ru/	–°–∏–Ω—å–æ—Ä–∏–Ω–∞.Ru - –∂–µ–Ω—Å–∫–∏–π –∂—É—Ä–Ω–∞–ª	87988	0	public
cybersport.ru	www.cybersport.ru/	CyberSport.ru ‚Äì –ø–æ—Ä—Ç–∞–ª –æ –∫–∏–±–µ—Ä—Å–ø–æ—Ä—Ç–µ	87972	0	private
gazeta.a42.ru	gazeta.a42.ru/	–ì–∞–∑–µ—Ç–∞ –ö–µ–º–µ—Ä–æ–≤–∞	87803	0	public
replyua.net	replyua.net/	–ù–æ–≤–æ—Å—Ç–∏ –£–∫—Ä–∞–∏–Ω—ã ‚Äî Replyua.net	87718	0	private
zaycev.fm	zaycev.fm/	¬© –ó–∞–π—Ü–µ–≤.FM - —Å–ª—É—à–∞—Ç—å —Ä–∞–¥–∏–æ –æ–Ω–ª–∞–π–Ω	87593	0	private
cheb_ru	www.cheb.ru	CHEB.ru: –ì—Ä—É–ø–ø–∞ —Å–∞–π—Ç–æ–≤ –ß–µ–±–æ–∫—Å–∞—Ä –∏ –ß—É–≤–∞—à–∏–∏	87355	0	public
2gis/online/ru/moscow	2gis.ru	–ö–∞—Ä—Ç–∞ –ú–æ—Å–∫–≤—ã: —É–ª–∏—Ü—ã, –¥–æ–º–∞ –∏ –æ—Ä–≥–∞–Ω–∏–∑–∞—Ü–∏–∏ –≥–æ—Ä–æ–¥–∞ ‚Äî 2–ì–ò–°	87006	0	private
cataloxy	cataloxy.ru	Cataloxy - –ë–µ—Å–ø–ª–∞—Ç–Ω–æ–µ —Ä–µ–∫–ª–∞–º–Ω–æ–µ –ø—Ä–æ—Å—Ç—Ä–∞–Ω—Å—Ç–≤–æ	86922	0	private
zakupka-com	zakupka.com	Zakupka.com ‚Äî 15 –º–∏–ª–ª–∏–æ–Ω–æ–≤ —Ç–æ–≤–∞—Ä–æ–≤ –∏ —É—Å–ª—É–≥ –£–∫—Ä–∞–∏–Ω—ã	86759	0	public
katti.ucoz.ru	katti.ucoz.ru/	–ò–Ω—Ç–µ—Ä–Ω–µ—Ç-—Å–æ–æ–±—â–µ—Å—Ç–≤–æ —É—á–∏—Ç–µ–ª–µ–π	86688	0	private
100sp.ru	www.100sp.ru/	–°–æ–≤–º–µ—Å—Ç–Ω—ã–µ –ø–æ–∫—É–ø–∫–∏	86608	0	private
gubdaily.ru	gubdaily.ru/	Daily	86445	0	public
vestivrn.ru	vestivrn.ru/	–í–ì–¢–†–ö. –ì–æ—Å—É–¥–∞—Ä—Å—Ç–≤–µ–Ω–Ω–∞—è —Ç–µ–ª–µ–≤–∏–∑–∏–æ–Ω–Ω–∞—è –∏ —Ä–∞–¥–∏–æ–≤–µ—â–∞—Ç–µ–ª—å–Ω–∞—è –∫–æ–º–ø–∞–Ω–∏—è &quot;–í–æ—Ä–æ–Ω–µ–∂&quot;	86412	0	public
edinstvennaya.ua	edinstvennaya.ua/	–ï–¥–∏–Ω—Å—Ç–≤–µ–Ω–Ω–∞—è - –∂–µ–Ω—Å–∫–∏–π –ø–æ—Ä—Ç–∞–ª	86141	0	private
webapteka.ru	www.webapteka.ru/	–ú–µ–¥–∏–∫–æ-—Ñ–∞—Ä–º–∞—Ü–µ–≤—Ç–∏—á–µ—Å–∫–∞—è —Å–ª—É–∂–±–∞ WebApteka.Ru	86125	0	private
kolesa.ru	kolesa.ru/	–ö–û–õ–ï–°–ê.—Ä—É - –∞–≤—Ç–æ–Ω–æ–≤–æ—Å—Ç–∏, —Ç–µ—Å—Ç-–¥—Ä–∞–π–≤—ã, –ø—Ä–µ–º—å–µ—Ä—ã, –æ–±—â–µ–Ω–∏–µ	86120	0	private
pfrf.ru	www.pfrf.ru/	–ü–µ–Ω—Å–∏–æ–Ω–Ω—ã–π —Ñ–æ–Ω–¥ –†–æ—Å—Å–∏–π—Å–∫–æ–π –§–µ–¥–µ—Ä–∞—Ü–∏–∏	86090	0	public
hi.ru	hi.ru/	Hi.ru - –Ω–æ–≤—ã–π –ø–æ—Ä—Ç–∞–ª	84668	0	private
uwatch.club	uwatch.club/	uWatch –û–Ω–ª–∞–π–Ω –ø–µ—Ä–µ–¥–∞—á–∏	84531	0	private
24au	24au.ru	–ò–Ω—Ç–µ—Ä–Ω–µ—Ç-–∞—É–∫—Ü–∏–æ–Ω Au.ru - –†–æ—Å—Å–∏—è	84219	0	public
gazeta.ru/culture	www.gazeta.ru/culture/	–ì–∞–∑–µ—Ç–∞.Ru: –ö—É–ª—å—Ç—É—Ä–∞	83995	0	private
ofx.to	ofx.to/	OFX - –æ–Ω–ª–∞–π–Ω —Ñ–∏–ª—å–º—ã –≤ —Ö–æ—Ä–æ—à–µ–º –∫–∞—á–µ—Å—Ç–≤–µ	83778	0	private
ichip.ru	www.ichip.ru/	CHIP - –≤—Å–µ –æ –Ω–æ—É—Ç–±—É–∫–∞—Ö, —Ç–µ–ª–µ—Ñ–æ–Ω–∞—Ö, –∫–æ–º–ø—å—é—Ç–µ—Ä–∞—Ö, —Ñ–æ—Ç–æ, –≤–∏–¥–µ–æ –∏ –¥—Ä—É–≥–∏—Ö –≥–∞–¥–∂–µ—Ç–∞—Ö	83446	0	private
tvrb	tv-rb.ru	–ì—Ä—É–ø–ø–∞ —Å–∞–π—Ç–æ–≤ –ì–£–ü –¢–†–ö –ë–∞—à–∫–æ—Ä—Ç–æ—Å—Ç–∞–Ω –†–ë	83420	0	private
predskazanie.ru	www.predskazanie.ru/	–ü–†–ï–î–°–ö–ê–ó–ê–ù–ò–ï.RU -  –∫–æ–ª–ª–µ–∫—Ü–∏—è –≥–∞–¥–∞–Ω–∏–π –∏ –≥–æ—Ä–æ—Å–∫–æ–ø–æ–≤	83391	0	public
sb.by	sb.by/	–ì–∞–∑–µ—Ç–∞ &quot;–°–ë -- –ë–µ–ª–∞—Ä—É—Å—å —Å–µ–≥–æ–¥–Ω—è&quot;	83089	0	private
games.mail.ru/pc	games.mail.ru/pc/	–ò–≥—Ä—ã@Mail.ru.ru - –†–°, –∫–æ–Ω—Å–æ–ª–∏, –æ–Ω–ª–∞–π–Ω-–∏–≥—Ä—ã	82999	0	private
moika78.ru	moika78.ru/	–ú–æ–π–∫–∞ 78	82891	0	private
pegast.ru	www.pegast.ru/	–¢—É—Ä–æ–ø–µ—Ä–∞—Ç–æ—Ä PEGAS Touristik	82663	0	private
goodgame.ru	goodgame.ru/	GoodGame.ru - –ø—Ä—è–º—ã–µ —Ç—Ä–∞–Ω—Å–ª—è—Ü–∏–∏ –∏ –∫–∏–±–µ—Ä—Å–ø–æ—Ä—Ç	82540	0	private
hsdigital/rn/smi/72	72.ru	72.RU - –≥–ª–∞–≤–Ω—ã–µ –Ω–æ–≤–æ—Å—Ç–∏ –¢—é–º–µ–Ω–∏. Hearst Shkulev Digital	82427	0	public
stickeru.ru	stickeru.ru/	–ë–µ—Å–ø–ª–∞—Ç–Ω—ã–µ —Å—Ç–∏–∫–µ—Ä—ã	82076	0	private
vseshow.com	vseshow.com/	Vseshow - –¢–í —Å–µ—Ä–∏–∞–ª—ã –∏ –†–µ–∞–ª–∏—Ç–∏ —à–æ—É	81936	0	private
ruskline.ru	ruskline.ru/	–†—É—Å—Å–∫–∞—è –ù–∞—Ä–æ–¥–Ω–∞—è –õ–∏–Ω–∏—è	81818	0	public
aftershock.news	aftershock.news/	AfterShock	81751	0	private
hsdigital/rn/pogoda	pogoda.ngs.ru	Hearst Shkulev Digital ‚Äî –ü–û–ì–û–î–ê	81689	0	public
medpulse.ru	www.medpulse.ru/	MEDPULSE.Ru: –ñ—É—Ä–Ω–∞–ª –æ –∑–¥–æ—Ä–æ–≤—å–µ	81561	0	public
tvoymalysh.com.ua	tvoymalysh.com.ua/	tvoymalysh.com.ua - —Å–∞–π—Ç –∂—É—Ä–Ω–∞–ª–∞ –¢–≤–æ–π –ú–∞–ª—ã—à	80956	0	private
super.ru	super.ru/	Super.ru - –Ω–æ–≤–æ—Å—Ç–∏ —à–æ—É-–±–∏–∑–Ω–µ—Å–∞	80928	0	public
seetv.tv	seetv.tv/	–ú–µ–¥–∏–∞–ø–æ—Ä—Ç–∞–ª SeeTV.tv - –û–Ω–ª–∞–π–Ω –¢–í, –¢–í —à–æ—É, —Å–µ—Ä–∏–∞–ª—ã, —Ä–∞–¥–∏–æ, –∏–≥—Ä—ã, –∫–Ω–∏–≥–∏ –æ–Ω–ª–∞–π–Ω	80922	0	private
eurolab.ua	www.eurolab.ua/	–ú–µ–¥–∏—Ü–∏–Ω—Å–∫–∏–π –ø–æ—Ä—Ç–∞–ª EUROLAB	80845	0	private
proufu.ru	proufu.ru/	ProUfu.Ru - –ù–æ–≤–æ—Å—Ç–∏ –£—Ñ—ã	80263	0	public
bash.news	bash.news/	Bash.News - –ù–æ–≤–æ—Å—Ç–∏, —Å–æ–±—ã—Ç–∏—è, —Ä–µ—Å–ø—É–±–ª–∏–∫–∞–Ω—Å–∫–∏–µ –°–ú–ò - –£—Ñ–∞, –ë–∞—à–∫–æ—Ä—Ç–æ—Å—Ç–∞–Ω, –†–æ—Å—Å–∏—è	80243	0	public
votpusk	www.votpusk.ru	–í –û–¢–ü–£–°–ö.–†–£	80161	0	public
26-2.ru	www.26-2.ru/	&quot;–£–ø—Ä–æ—â–µ–Ω–∫–∞&quot; - –≤—Å–µ –æ–± —É–ø—Ä–æ—â–µ–Ω–Ω–æ–π —Å–∏—Å—Ç–µ–º–µ –Ω–∞–ª–æ–≥–æ–æ–±–ª–æ–∂–µ–Ω–∏—è	79837	0	private
72	72.ru	–ì—Ä—É–ø–ø–∞ —Å–∞–π—Ç–æ–≤ 72.ru	79802	0	public
antikor.com.ua	antikor.com.ua/	–ê–ù–¢–ò–ö–û–†	79704	0	private
fapnews.ru	fapnews.ru/	–ü–æ–ª–∏—Ç–∏–∫–∞ –°–µ–≥–æ–¥–Ω—è	79549	0	private
detstrana.ru	detstrana.ru/	–î–µ—Ç—Å—Ç—Ä–∞–Ω–∞ ‚Äî —Å–æ—Ü–∏–∞–ª—å–Ω–∞—è —Å–µ—Ç—å –¥–ª—è –±—É–¥—É—â–∏—Ö –∏ —Å–æ—Å—Ç–æ—è–≤—à–∏—Ö—Å—è —Ä–æ–¥–∏—Ç–µ–ª–µ–π	79453	0	private
unn.com.ua	www.unn.com.ua/	–ò–Ω—Ñ–æ—Ä–º–∞—Ü–∏–æ–Ω–Ω–æ–µ –∞–≥–µ–Ω—Ç—Å—Ç–≤–æ &quot;–£–∫—Ä–∞–∏–Ω—Å–∫–∏–µ –Ω–∞—Ü–∏–æ–Ω–∞–ª—å–Ω—ã–µ –Ω–æ–≤–æ—Å—Ç–∏&quot;	79337	0	private
svidok.online	svidok.online/	–°–≤–∏–¥–æ–∫	79284	0	public
dropi.ru	dropi.ru/	–î–†–û–ü–ò.–†–£	79020	0	private
hsdigital/rn/smi/61	161.ru	161.RU - –í—Å–µ —Å–æ–±—ã—Ç–∏—è –†–æ—Å—Ç–æ–≤–∞-–Ω–∞-–î–æ–Ω—É. Hearst Shkulev Digital	78805	0	public
bfm.ru	bfm.ru/	BFM.ru - –¥–µ–ª–æ–≤–æ–π –ø–æ—Ä—Ç–∞–ª	78581	0	public
apral.ru	apral.ru/	Apral.ru	78292	0	private
botanichka.ru	www.botanichka.ru/	¬´–ë–æ—Ç–∞–Ω–∏—á–∫–∞.ru¬ª –°–æ–æ–±—â–µ—Å—Ç–≤–æ –æ –º–∏—Ä–µ —Ä–∞—Å—Ç–µ–Ω–∏–π –¥–ª—è –ª—é–±–∏—Ç–µ–ª–µ–π –∏ –ø—Ä–æ—Ñ–µ—Å—Å–∏–æ–Ω–∞–ª–æ–≤.	78210	0	public
uaua.info	www.uaua.info/	UaUa.INFO - –ü–æ—Ä—Ç–∞–ª –¥–ª—è —Ä–æ–¥–∏—Ç–µ–ª–µ–π. –í—Å–µ –æ –¥–µ—Ç—è—Ö	78140	0	private
mirkvartir	www.mirkvartir.ru	–ú–ò–† –ö–í–ê–†–¢–ò–† - –Ω–µ–¥–≤–∏–∂–∏–º–æ—Å—Ç—å –†–æ—Å—Å–∏–∏	78132	0	private
kznlive_1	kznlive.ru/	KZNLIVE	78131	0	public
kp/kpall/reg/kpstav	stav.kp.ru	&quot;–ö–æ–º—Å–æ–º–æ–ª—å—Å–∫–∞—è –ø—Ä–∞–≤–¥–∞&quot; –°—Ç–∞–≤—Ä–æ–ø–æ–ª—å. –°–µ–≤–µ—Ä–Ω—ã–π –ö–∞–≤–∫–∞–∑	78099	0	public
newkaliningrad.ru	newkaliningrad.ru/	–ù–æ–≤—ã–π –ö–∞–ª–∏–Ω–∏–Ω–≥—Ä–∞–¥.Ru	78065	0	public
bryansktoday.ru	bryansktoday.ru/	–ë—Ä—è–Ω—Å–∫Today	78022	0	public
avrorra.com	avrorra.com/	–ñ—É—Ä–Ω–∞–ª –æ –∫—Ä–∞—Å–æ—Ç–µ, –º–æ–¥–µ, —Å—Ç–∏–ª–∏ –∂–∏–∑–Ω–∏	77933	0	private
medlinks.ru	www.medlinks.ru/	Medlinks - –í—Å—è –º–µ–¥–∏—Ü–∏–Ω–∞ –≤ –∏–Ω—Ç–µ—Ä–Ω–µ—Ç	77922	0	private
vesti.ru/onair	www.vesti.ru/onair/	&quot;–†–æ—Å—Å–∏—è 24&quot;. –ü—Ä—è–º–æ–π —ç—Ñ–∏—Ä. –í–∏–¥–µ–æ	77792	0	private
overclockers.ru	www.overclockers.ru/	Overclockers.ru - –ü—Ä–æ—Ñ–µ—Å—Å–∏–æ–Ω–∞–ª—å–Ω—ã–µ –Ω–æ–≤–æ—Å—Ç–∏ –∏ —Å—Ç–∞—Ç—å–∏ Hard &amp; Soft &amp; Mobile	77378	0	private
spr.ru	www.spr.ru/	–°–ü–† (–ú–æ—Å–∫–≤–∞)	77179	0	public
Allboxing	allboxing.ru	AllBoxing.Ru - –í—Å–µ –Ω–æ–≤–æ—Å—Ç–∏ –±–æ–∫—Å–∞	76969	0	public
mysekret.ru	mysekret.ru/	–ú–æ–∏ —Å–µ–∫—Ä–µ—Ç - –ñ–µ–Ω—Å–∫–∏–π –∂—É—Ä–Ω–∞–ª	76943	0	private
umnaja.ru	umnaja.ru/	–£–º–Ω–∞—è - —Å–µ–∫—Ä–µ—Ç–Ω—ã–π –≥–∏–¥ –ø–æ –∂–µ–Ω—Å–∫–æ–π –ø—Ä–∏—Ä–æ–¥–µ	76828	0	public
